"start","end","date","dev_id","enumerator","seca_S_id","gps","gps_latitude","gps_longitude","gps_altitude","gps_precision","gps_wkt","secb_aclass","secc_aweight","secd_max_blood","secd_blood_per_tube","secd_multiply_pipette","secd_MOD","secd_full_reagent","secd_blood_note_low","secd_blood_note_med","secd_blood_note_high","secd_blood_note_rodent","secc_species","secc_age","secc_sex","secc_preg","secc_lact","secc_cond","secc_clinical","secc_ph_cs","secc_suspect","secc_disease","sece_bcs","sece_m_bl","sece_m_el","sece_m_hf","sece_m_tail","sece_ph_fb","sece_ph_af","sece_ph_lf","sece_euth","secd_ectoparasites","secd_ectoparasites_id","secd_edta_1","secd_edta_2","secd_serum","secg_comments","_id","uuid","__version__","instanceID","_xform_id_string","_uuid","_status","_submission_time","_validation_status","_submitted_by","rootUuid","deprecatedID"
2024-04-25 07:10:58.679,2024-04-25 07:38:42.964,2024-04-25,"collect:Ko3jwT6G31vuAcKR","1","DST030003","0.9362832 36.7019471 1789.4338125841944 3.9",0.9362832,36.7019471,1789.43381258419,3.9,"POINT (36.7019471 0.9362832 1789.4338125841944)","3",64,640,213.333333333333,14.2222222222222,14,2100,,,,,"1","2","3",,,"1",,,"2",,"3",,,,,"1714030550883.jpg","1714030566534.jpg","1714030578021.jpg","2",0,,"DDT000033","DDT000032","DSR000004","None",333281824,"e01f64cbf4e04e0894772b92ce0fc0fa","vJhrvbmdMjoNmfga2zZ5sv","uuid:cb79041e-fc59-4906-98f4-9e9a94a23201","aNAJLhAnWiUxVSFnvLyy9W","cb79041e-fc59-4906-98f4-9e9a94a23201","submitted_via_web",2024-04-25 18:25:12,,"dtra_nk",,
2024-04-25 07:49:04.861,2024-04-25 08:04:39.602,2024-04-25,"collect:Ko3jwT6G31vuAcKR","1","DST030003","0.9362508 36.7018894 1784.2277833192848 3.9",0.9362508,36.7018894,1784.22778331928,3.9,"POINT (36.7018894 0.9362508 1784.2277833192848)","3",31,310,103.333333333333,6.88888888888889,6,900,,,,,"1","2","3",,,"1",,,"2",,"3",,,,,"1714032159958.jpg","1714032170931.jpg","1714032183574.jpg","2",0,,"DDT000031","DDT000034","DSR000007","None",333281859,"e01f64cbf4e04e0894772b92ce0fc0fa","vJhrvbmdMjoNmfga2zZ5sv","uuid:ab6c4a5c-2a25-48e9-85ee-6a6d488354bb","aNAJLhAnWiUxVSFnvLyy9W","ab6c4a5c-2a25-48e9-85ee-6a6d488354bb","submitted_via_web",2024-04-25 18:25:19,,"dtra_nk",,
2024-04-25 08:07:40.003,2024-04-25 08:20:02.981,2024-04-25,"collect:Ko3jwT6G31vuAcKR","1","DST030003","0.9362384 36.7019141 1786.3219182095 4.874",0.9362384,36.7019141,1786.3219182095,4.874,"POINT (36.7019141 0.9362384 1786.3219182095)","3",31,310,103.333333333333,6.88888888888889,6,900,,,,,"1","2","3",,,"1",,,"2",,"3",,,,,"1714033073950.jpg","1714033092187.jpg","1714033105463.jpg","2",0,,"DDT000030","DDT000029","DSR000002",,333281936,"e01f64cbf4e04e0894772b92ce0fc0fa","vJhrvbmdMjoNmfga2zZ5sv","uuid:f2e09285-e4ce-4f57-bcef-5bcc3b03a07f","aNAJLhAnWiUxVSFnvLyy9W","f2e09285-e4ce-4f57-bcef-5bcc3b03a07f","submitted_via_web",2024-04-25 18:25:28,,"dtra_nk",,
2024-04-25 08:26:47.554,2024-04-25 08:37:36.531,2024-04-25,"collect:Ko3jwT6G31vuAcKR","1","DST030003","0.9362143 36.7019347 1785.2489241167107 4.695",0.9362143,36.7019347,1785.24892411671,4.695,"POINT (36.7019347 0.9362143 1785.2489241167107)","3",25,250,83.3333333333333,5.55555555555556,5,750,,,,,"1","2","3",,,"1",,,"2",,"3",,,,,"1714034150363.jpg","1714034165228.jpg","1714034176204.jpg","2",0,,"DDT000036","DDT000035","DSR000006","None",333281976,"e01f64cbf4e04e0894772b92ce0fc0fa","vJhrvbmdMjoNmfga2zZ5sv","uuid:9bc77258-db4d-4132-aedc-0d7c25968df6","aNAJLhAnWiUxVSFnvLyy9W","9bc77258-db4d-4132-aedc-0d7c25968df6","submitted_via_web",2024-04-25 18:25:36,,"dtra_nk",,
2024-04-26 05:30:53.567,2024-04-26 05:59:17.066,2024-04-26,"collect:Ko3jwT6G31vuAcKR","1","DST030002","0.9586897 36.7550364 1796.4365549865386 4.951",0.9586897,36.7550364,1796.43655498654,4.951,"POINT (36.7550364 0.9586897 1796.4365549865386)","3",52,520,173.333333333333,11.5555555555556,11,1650,,,,,"1","2","3",,,"1",,,"2",,"3",,,,,"1714111050493.jpg","1714111073943.jpg","1714111089287.jpg","2",0,,"DDT000040","DDT000039","DSR000014",,333622707,"e01f64cbf4e04e0894772b92ce0fc0fa","vJhrvbmdMjoNmfga2zZ5sv","uuid:ffb4f363-7db1-4f6a-9bfa-a0a0446758b5","aNAJLhAnWiUxVSFnvLyy9W","ffb4f363-7db1-4f6a-9bfa-a0a0446758b5","submitted_via_web",2024-04-26 18:21:16,,"dtra_nk",,
2024-04-26 06:01:08.389,2024-04-26 07:24:42.748,2024-04-26,"collect:Ko3jwT6G31vuAcKR","1","DST030002","0.9586861 36.7550447 1793.1046034828382 4.485",0.9586861,36.7550447,1793.10460348284,4.485,"POINT (36.7550447 0.9586861 1793.1046034828382)","3",22,220,73.3333333333333,4.88888888888889,4,600,,,,,"1","2","3",,,"1",,,"2",,"3",,,,,"1714112644701.jpg","1714112666637.jpg","1714112700164.jpg","2",0,,"DDT000056","DDT000038","DSR000013","For EDTA ALQ 2 it was 70ul instead of 50ul and Serum sample was 25ul out of 50ul",333622766,"e01f64cbf4e04e0894772b92ce0fc0fa","vJhrvbmdMjoNmfga2zZ5sv","uuid:6a7902c7-c20f-494d-bfbd-30b283bc9762","aNAJLhAnWiUxVSFnvLyy9W","6a7902c7-c20f-494d-bfbd-30b283bc9762","submitted_via_web",2024-04-26 18:21:36,,"dtra_nk",,
2024-04-26 06:27:24.508,2024-04-26 06:42:50.32,2024-04-26,"collect:Ko3jwT6G31vuAcKR","1","DST030002","0.9586839 36.7550368 1797.0218790730487 3.892",0.9586839,36.7550368,1797.02187907305,3.892,"POINT (36.7550368 0.9586839 1797.0218790730487)","3",120,1200,400,26.6666666666667,26,3900,,,,,"1","2","3",,,"1",,,"2",,"3",,,,,"1714113657006.jpg","1714113677687.jpg","1714113686907.jpg","2",0,,"DDT000041","DDT000042","DSR000008",,333622863,"e01f64cbf4e04e0894772b92ce0fc0fa","vJhrvbmdMjoNmfga2zZ5sv","uuid:d818c1a2-97e5-43c1-8087-412a65ce760f","aNAJLhAnWiUxVSFnvLyy9W","d818c1a2-97e5-43c1-8087-412a65ce760f","submitted_via_web",2024-04-26 18:22:13,,"dtra_nk",,
2024-04-26 06:46:44.96,2024-04-26 07:00:35.87,2024-04-26,"collect:Ko3jwT6G31vuAcKR","1","DST030002","0.958672 36.7550359 1798.5078854453302 4.716",0.958672,36.7550359,1798.50788544533,4.716,"POINT (36.7550359 0.958672 1798.5078854453302)","3",147,1470,490,32.6666666666667,32,4800,,,,,"1","2","3",,,"1",,,"2",,"3",,,,,"1714114736722.jpg","1714114758193.jpg","1714114773145.jpg","2",0,,"DDT000046","DDT000037","DSR000012","None",333622941,"e01f64cbf4e04e0894772b92ce0fc0fa","vJhrvbmdMjoNmfga2zZ5sv","uuid:b8d2eb78-4363-468d-8d30-a0aeb5b86ebd","aNAJLhAnWiUxVSFnvLyy9W","b8d2eb78-4363-468d-8d30-a0aeb5b86ebd","submitted_via_web",2024-04-26 18:22:59,,"dtra_nk",,
2024-04-26 07:01:53.052,2024-04-26 07:21:31.095,2024-04-26,"collect:Ko3jwT6G31vuAcKR","1","DST030002","0.9586778 36.7550418 1798.1337806016118 4.402",0.9586778,36.7550418,1798.13378060161,4.402,"POINT (36.7550418 0.9586778 1798.1337806016118)","3",23,230,76.6666666666667,5.11111111111111,5,750,,,,,"1","2","3",,,"1",,,"2",,"3",,,,,,,,"2",0,,"DDT000047","DDT000045","DSR000010","Incorrect EDTA ALQ1 and ALQ2. No samples collected, bird flew away . Serum only 25ul out of 50 was collected",333622942,"e01f64cbf4e04e0894772b92ce0fc0fa","vJhrvbmdMjoNmfga2zZ5sv","uuid:4636ba32-770c-44d0-9eb4-a027e497b6e4","aNAJLhAnWiUxVSFnvLyy9W","4636ba32-770c-44d0-9eb4-a027e497b6e4","submitted_via_web",2024-04-26 18:23:00,,"dtra_nk",,
2024-04-27 05:30:12.84,2024-04-27 14:33:59.235,2024-04-27,"collect:Ko3jwT6G31vuAcKR","1","DST030001","0.9646591 36.6849399 1814.6931096124802 4.598",0.9646591,36.6849399,1814.69310961248,4.598,"POINT (36.6849399 0.9646591 1814.6931096124802)","3",22,220,73.3333333333333,4.88888888888889,4,600,,,,,"1","2","3",,,"1",,,"2",,"3",,,,,,"1714197438692.jpg","1714197625101.jpg","2",0,,"DDT000043","DDT000000","DSR000019","Second EDTA not collected",333828367,"e01f64cbf4e04e0894772b92ce0fc0fa","vJhrvbmdMjoNmfga2zZ5sv","uuid:c1318790-b0b0-4d2b-96f0-c41de0c7055c","aNAJLhAnWiUxVSFnvLyy9W","c1318790-b0b0-4d2b-96f0-c41de0c7055c","submitted_via_web",2024-04-27 14:37:27,,"dtra_nk",,
2024-04-27 06:03:12.825,2024-04-27 14:35:21.132,2024-04-27,"collect:Ko3jwT6G31vuAcKR","1","DST030001","0.9646695 36.6849182 1812.1551177534313 4.474",0.9646695,36.6849182,1812.15511775343,4.474,"POINT (36.6849182 0.9646695 1812.1551177534313)","3",19,190,63.3333333333333,4.22222222222222,4,600,,,,,"1","2","3",,,"1",,,"2",,"3",,,,,,"1714198689955.jpg","1714198703985.jpg","2",0,,"DDT000049","DDT000000","DSR000020","The second EDTA not collected",333828398,"e01f64cbf4e04e0894772b92ce0fc0fa","vJhrvbmdMjoNmfga2zZ5sv","uuid:bde66d5f-9248-4b24-85f0-2582188ec006","aNAJLhAnWiUxVSFnvLyy9W","bde66d5f-9248-4b24-85f0-2582188ec006","submitted_via_web",2024-04-27 14:37:36,,"dtra_nk",,
2024-04-27 06:20:25.888,2024-04-27 14:34:08.904,2024-04-27,"collect:Ko3jwT6G31vuAcKR","1","DST030001","0.9646619 36.6849332 1809.6409032976792 4.851",0.9646619,36.6849332,1809.64090329768,4.851,"POINT (36.6849332 0.9646619 1809.6409032976792)","3",22,220,73.3333333333333,4.88888888888889,4,600,,,,,"1","2","3",,,"1",,,"2",,"3",,,,,,"1714199677377.jpg","1714199727749.jpg","2",0,,"DDT000051","DDT000000","DSR000021","Second EDTA not collected",333828443,"e01f64cbf4e04e0894772b92ce0fc0fa","vJhrvbmdMjoNmfga2zZ5sv","uuid:5fbbe75e-ea17-42aa-a67b-2e9051764eee","aNAJLhAnWiUxVSFnvLyy9W","5fbbe75e-ea17-42aa-a67b-2e9051764eee","submitted_via_web",2024-04-27 14:37:45,,"dtra_nk",,
2024-04-27 06:37:26.351,2024-04-27 14:34:12.353,2024-04-27,"collect:Ko3jwT6G31vuAcKR","1","DST030001","0.9646544 36.6849386 1810.5796545578692 4.988",0.9646544,36.6849386,1810.57965455787,4.988,"POINT (36.6849386 0.9646544 1810.5796545578692)","3",22,220,73.3333333333333,4.88888888888889,4,600,,,,,"1","2","3",,,"1",,,"2",,"3",,,,,,"1714200678398.jpg","1714200739632.jpg","2",0,,"DDT000052","DDT000000","DSR000009","Never got the second EDTA",333829490,"e01f64cbf4e04e0894772b92ce0fc0fa","vJhrvbmdMjoNmfga2zZ5sv","uuid:67b5b71e-a7db-4899-a928-d35a5e80b6a8","aNAJLhAnWiUxVSFnvLyy9W","67b5b71e-a7db-4899-a928-d35a5e80b6a8","submitted_via_web",2024-04-27 14:41:18,,"dtra_nk",,
2024-04-27 06:55:54.367,2024-04-27 14:34:16.12,2024-04-27,"collect:Ko3jwT6G31vuAcKR","2","DST030001","0.9646754 36.6849484 1811.9831953206517 4.343",0.9646754,36.6849484,1811.98319532065,4.343,"POINT (36.6849484 0.9646754 1811.9831953206517)","3",22,220,73.3333333333333,4.88888888888889,4,600,,,,,"1","2","3",,,"1",,,"2",,"3",,,,,,"1714201762420.jpg","1714201994465.jpg","2",0,,"DDT000048","DDT000000","DSR000017","Second EDTA not collected",333829509,"e01f64cbf4e04e0894772b92ce0fc0fa","vJhrvbmdMjoNmfga2zZ5sv","uuid:b53c7b13-3b16-438c-ab2b-28a7110b2b3a","aNAJLhAnWiUxVSFnvLyy9W","b53c7b13-3b16-438c-ab2b-28a7110b2b3a","submitted_via_web",2024-04-27 14:41:20,,"dtra_nk",,
2024-04-27 07:16:45.553,2024-04-27 14:34:19.77,2024-04-27,"collect:Ko3jwT6G31vuAcKR","2","DST030001","0.9646712 36.684925 1804.096006939616 4.657",0.9646712,36.684925,1804.09600693962,4.657,"POINT (36.684925 0.9646712 1804.096006939616)","3",97,970,323.333333333333,21.5555555555556,21,3150,,,,,"1","2","3",,,"1",,,"2",,"3",,,,,,"1714203019129.jpg","1714203126577.jpg","2",0,,"DDT000053","DDT000050","DSR000015","No comment",333829527,"e01f64cbf4e04e0894772b92ce0fc0fa","vJhrvbmdMjoNmfga2zZ5sv","uuid:ce37e8af-ff33-4b3c-a36e-12073b2ea062","aNAJLhAnWiUxVSFnvLyy9W","ce37e8af-ff33-4b3c-a36e-12073b2ea062","submitted_via_web",2024-04-27 14:41:23,,"dtra_nk",,
2024-04-28 06:17:02.483,2024-04-28 21:56:16.699,2024-04-28,"collect:Ko3jwT6G31vuAcKR","1","DST030004","0.9304225 36.6941712 1783.662542490258 4.108",0.9304225,36.6941712,1783.66254249026,4.108,"POINT (36.6941712 0.9304225 1783.662542490258)","3",72,720,240,16,16,2400,,,,,"520","2","3",,,"1",,,"2",,"3",,,,,,"1714286391273.jpg","1714286406967.jpg","2",0,,"DDT000000","DDT000000","DSR000003","EDTA 1 and 2 not collected",334110358,"e01f64cbf4e04e0894772b92ce0fc0fa","vJhrvbmdMjoNmfga2zZ5sv","uuid:82c45c9b-6cea-4fb3-a578-69c8cd1ea0aa","aNAJLhAnWiUxVSFnvLyy9W","82c45c9b-6cea-4fb3-a578-69c8cd1ea0aa","submitted_via_web",2024-04-28 21:56:22,,"dtra_nk",,
2024-04-28 06:41:40.495,2024-04-28 21:56:52.473,2024-04-28,"collect:Ko3jwT6G31vuAcKR","1","DST030004","0.9304411 36.6941806 1787.468189488729 4.76",0.9304411,36.6941806,1787.46818948873,4.76,"POINT (36.6941806 0.9304411 1787.468189488729)","3",72,720,240,16,16,2400,,,,,"520","2","3",,,"1",,,"2",,"3",,,,,,"1714287724629.jpg","1714287737004.jpg","2",0,,"DDT000096","DDT000044","DSR000005","None",334110499,"e01f64cbf4e04e0894772b92ce0fc0fa","vJhrvbmdMjoNmfga2zZ5sv","uuid:6b511bd4-72d0-4a93-a242-91787e1c9d27","aNAJLhAnWiUxVSFnvLyy9W","6b511bd4-72d0-4a93-a242-91787e1c9d27","submitted_via_web",2024-04-28 21:56:58,,"dtra_nk",,
2024-04-28 07:06:25.639,2024-04-28 21:57:27.468,2024-04-28,"collect:Ko3jwT6G31vuAcKR","1","DST030004","0.9304233 36.6941577 1785.7903879426303 4.567",0.9304233,36.6941577,1785.79038794263,4.567,"POINT (36.6941577 0.9304233 1785.7903879426303)","3",70,700,233.333333333333,15.5555555555556,15,2250,,,,,"520","3","3",,,"1",,,"2",,"3",,,,,,"1714288861521.jpg","1714288894717.jpg","2",0,,"DDT000045","DDT000047","DSR000016","No comment",334110615,"e01f64cbf4e04e0894772b92ce0fc0fa","vJhrvbmdMjoNmfga2zZ5sv","uuid:94b703ce-1fa4-481e-a3bc-dbb0c832b24a","aNAJLhAnWiUxVSFnvLyy9W","94b703ce-1fa4-481e-a3bc-dbb0c832b24a","submitted_via_web",2024-04-28 21:57:33,,"dtra_nk",,
2024-04-28 07:24:13.694,2024-04-28 21:58:01.809,2024-04-28,"collect:Ko3jwT6G31vuAcKR","2","DST030004","0.9303996 36.6941492 1786.3717256742361 4.808",0.9303996,36.6941492,1786.37172567424,4.808,"POINT (36.6941492 0.9303996 1786.3717256742361)","3",62,620,206.666666666667,13.7777777777778,13,1950,,,,,"520","3","3",,,"1",,,"2",,"3",,,,,,"1714289813405.jpg","1714289906631.jpg","2",0,,"DDT000097","DDT000098","DSR000018","No comment",334110697,"e01f64cbf4e04e0894772b92ce0fc0fa","vJhrvbmdMjoNmfga2zZ5sv","uuid:1723228e-ed90-4e2a-8bda-5f7f2bc507dd","aNAJLhAnWiUxVSFnvLyy9W","1723228e-ed90-4e2a-8bda-5f7f2bc507dd","submitted_via_web",2024-04-28 21:58:06,,"dtra_nk",,
2024-04-29 11:20:16.639,2024-05-15 05:23:22.806,2024-04-29,"collect:W7gdBJ4Ypb4GvukP","2","DST030004","0.9304639 36.6942155 1786.9614265790185 3.9",0.9304639,36.6942155,1786.96142657902,3.9,"POINT (36.6942155 0.9304639 1786.9614265790185)","1",7,70,23.3333333333333,1.55555555555556,1,150,,,,,"4","3","1",,,"1",,,"2",,"4",131,10,16,67,"1714401154485.jpg","1714401171500.jpg","1714401202364.jpg","1",0,,"DDT000065","DDT000066","DSR111119","EDTA samples are in the ratio of 1:3 blood:RNA/DNA shield",334406078,"e01f64cbf4e04e0894772b92ce0fc0fa","vJhrvbmdMjoNmfga2zZ5sv","uuid:e6551fa2-1192-4274-a893-d2d19aed109f","aNAJLhAnWiUxVSFnvLyy9W","e6551fa2-1192-4274-a893-d2d19aed109f","submitted_via_web",2024-04-29 19:27:54,,"dtra_nk","b6734c77-e3ca-437e-b834-4555f929b023","uuid:b6734c77-e3ca-437e-b834-4555f929b023"
2024-04-29 11:21:26.913,2024-05-15 05:23:58.853,2024-04-29,"collect:W7gdBJ4Ypb4GvukP","1","DST030004","0.930482 36.6942078 1787.2267359244825 3.9",0.930482,36.6942078,1787.22673592448,3.9,"POINT (36.6942078 0.930482 1787.2267359244825)","1",6,60,20,1.33333333333333,1,150,,,,,"4","2","1",,,"1",,,"2",,"4",120,10,14,59,"1714404685637.jpg","1714404698649.jpg","1714404718753.jpg","1",0,,"DDT000101","DDT000102","DSR111120","EDTA samples are in the ratio of 1:3 blood:RNA/DNA shield",334406130,"e01f64cbf4e04e0894772b92ce0fc0fa","vJhrvbmdMjoNmfga2zZ5sv","uuid:00b79946-0d6f-4b09-b308-d4cd1b412ae5","aNAJLhAnWiUxVSFnvLyy9W","00b79946-0d6f-4b09-b308-d4cd1b412ae5","submitted_via_web",2024-04-29 19:28:06,,"dtra_nk","5c1bc35c-b47b-4e31-8a2a-ded347d4aa0e","uuid:5c1bc35c-b47b-4e31-8a2a-ded347d4aa0e"
2024-04-28 09:59:21.283,2024-05-15 05:19:05.531,2024-04-28,"collect:Ko3jwT6G31vuAcKR","1","DST030001",,,,,,,"1",10,100,33.3333333333333,2.22222222222222,2,300,,,,,"4","4","1",,,"1",,,"2",,"4",150,10,16,80,"1714317668304.jpg","1714317741721.jpg","1714317809278.jpg","1",0,,"DDT000100","DDT000000","DSR111111","Geo-point wasn't collected, second EDTA not collected.DSR000038 was entered manually.",334429289,"e01f64cbf4e04e0894772b92ce0fc0fa","vJhrvbmdMjoNmfga2zZ5sv","uuid:5b17c2e5-4ab6-4160-b125-581e08a3a18c","aNAJLhAnWiUxVSFnvLyy9W","5b17c2e5-4ab6-4160-b125-581e08a3a18c","submitted_via_web",2024-04-29 21:05:27,,"dtra_nk","f0f1a52a-416d-4263-952c-775eff022853","uuid:f0f1a52a-416d-4263-952c-775eff022853"
2024-04-28 16:08:57.833,2024-05-15 05:16:27.232,2024-04-28,"collect:Ko3jwT6G31vuAcKR","2","DST030001",,,,,,,"1",12,120,40,2.66666666666667,2,300,,,,,"4","4","2","2","2","1",,,"2",,"4",155,10,10,80,"1714320651849.jpg","1714320664497.jpg","1714320677596.jpg","1",0,,"DDT000099","DDT000000","DSR111112","Blood wasn't enough for the 2nd EDTA (DDT). Geo-point wasn't collected",334429300,"e01f64cbf4e04e0894772b92ce0fc0fa","vJhrvbmdMjoNmfga2zZ5sv","uuid:1024589d-6da0-40c4-9ea0-f10085e2631a","aNAJLhAnWiUxVSFnvLyy9W","1024589d-6da0-40c4-9ea0-f10085e2631a","submitted_via_web",2024-04-29 21:05:30,,"dtra_nk","b4922c47-94f8-41c3-9e4d-6bdb053be927","uuid:b4922c47-94f8-41c3-9e4d-6bdb053be927"
2024-04-29 07:27:09.324,2024-05-15 05:28:59.387,2024-04-29,"collect:Ko3jwT6G31vuAcKR","2","DST030005","0.9458564 36.7491279 1793.4932872669726 4.53",0.9458564,36.7491279,1793.49328726697,4.53,"POINT (36.7491279 0.9458564 1793.4932872669726)","3",10,100,33.3333333333333,2.22222222222222,2,300,,,,,"430","2","2",,,"1",,,"2",,"3",,,,,,"1714377538360.jpg","1714377602214.jpg","2",0,,"DDT000057","DDT000058","DSR111113","DSR was entered manually",334429672,"e01f64cbf4e04e0894772b92ce0fc0fa","vJhrvbmdMjoNmfga2zZ5sv","uuid:75d782bc-7cf5-4649-9c73-d8bf2b619a61","aNAJLhAnWiUxVSFnvLyy9W","75d782bc-7cf5-4649-9c73-d8bf2b619a61","submitted_via_web",2024-04-29 21:07:35,,"dtra_nk","e7dfd918-0377-4844-91f9-46e3757bfc19","uuid:11d9738b-cd0c-4b19-9088-ce4a1f9be7f4"
2024-04-29 08:02:30.95,2024-05-15 05:28:27.904,2024-04-29,"collect:Ko3jwT6G31vuAcKR","2","DST030005","0.9458889 36.7491142 1792.6927067147735 4.295",0.9458889,36.7491142,1792.69270671477,4.295,"POINT (36.7491142 0.9458889 1792.6927067147735)","3",10,100,33.3333333333333,2.22222222222222,2,300,,,,,"437","2","3",,,"1",,,"2",,"3",,,,,,"1714378807177.jpg","1714378896221.jpg","2",0,,"DDT000059","DDT000060","DSR111114","DSR000041 has been entered manually",334429679,"e01f64cbf4e04e0894772b92ce0fc0fa","vJhrvbmdMjoNmfga2zZ5sv","uuid:c373dc29-2db3-4ca9-85f9-5033ac2707cb","aNAJLhAnWiUxVSFnvLyy9W","c373dc29-2db3-4ca9-85f9-5033ac2707cb","submitted_via_web",2024-04-29 21:07:37,,"dtra_nk","bf1f5f73-db36-4066-9c10-af2c13302a60","uuid:ff3b214e-60a3-4a12-8086-2ece17aceb29"
2024-04-29 09:07:04.198,2024-05-15 05:26:33.141,2024-04-29,"collect:Ko3jwT6G31vuAcKR","2","DST030005","0.9458828 36.7491125 1792.8453550454524 4.782",0.9458828,36.7491125,1792.84535504545,4.782,"POINT (36.7491125 0.9458828 1792.8453550454524)","3",10,100,33.3333333333333,2.22222222222222,2,300,,,,,"1","3","3",,,"1",,,"2",,"3",,,,,,"1714382281310.jpg","1714382316888.jpg","2",0,,"DDT000062","DDT000063","DSR111116","DSR000043 has been entered manually",334430301,"e01f64cbf4e04e0894772b92ce0fc0fa","vJhrvbmdMjoNmfga2zZ5sv","uuid:4b730413-f6e5-46a5-96e5-1cf9f7034461","aNAJLhAnWiUxVSFnvLyy9W","4b730413-f6e5-46a5-96e5-1cf9f7034461","submitted_via_web",2024-04-29 21:09:42,,"dtra_nk","3ff6d8c0-72f2-486c-b61d-f00b3997bc88","uuid:7f7a64c2-5230-4fb4-b2d7-ec26eabb76d6"
2024-04-29 08:36:56.638,2024-05-15 05:21:09.569,2024-04-29,"collect:Ko3jwT6G31vuAcKR","2","DST030005","0.9458859 36.7491312 1792.4974049201417 4.934",0.9458859,36.7491312,1792.49740492014,4.934,"POINT (36.7491312 0.9458859 1792.4974049201417)","3",28,280,93.3333333333333,6.22222222222222,6,900,,,,,"440","3","3",,,"1",,,"2",,"3",,,,,,"1714381273786.jpg","1714381421189.jpg","2",0,,"DDT000105","DDT000061","DSR111115","DSR000042 has been entered manually",334430889,"e01f64cbf4e04e0894772b92ce0fc0fa","vJhrvbmdMjoNmfga2zZ5sv","uuid:9c5bce5c-a15c-4234-94a7-1360d2434e2a","aNAJLhAnWiUxVSFnvLyy9W","9c5bce5c-a15c-4234-94a7-1360d2434e2a","submitted_via_web",2024-04-29 21:10:57,,"dtra_nk","64c015ff-31c6-4702-9ee9-117ce9dd57d4","uuid:64c015ff-31c6-4702-9ee9-117ce9dd57d4"
2024-04-29 09:21:49.12,2024-05-15 05:25:53.823,2024-04-29,"collect:Ko3jwT6G31vuAcKR","2","DST030005","0.9458791 36.7491296 1793.0512032091506 4.509",0.9458791,36.7491296,1793.05120320915,4.509,"POINT (36.7491296 0.9458791 1793.0512032091506)","3",9,90,30,2,2,300,,,,,"430","2","2",,,"1",,,"2",,"3",,,,,,"1714383442217.jpg","1714383513419.jpg","2",0,,"DDT000000","DDT000000","DSR111117","EDTA 1 and 2 has not been collected. DSR000044 has been entered manually",334431250,"e01f64cbf4e04e0894772b92ce0fc0fa","vJhrvbmdMjoNmfga2zZ5sv","uuid:1f10992e-08a0-4d4d-b475-39e0b0849ebd","aNAJLhAnWiUxVSFnvLyy9W","1f10992e-08a0-4d4d-b475-39e0b0849ebd","submitted_via_web",2024-04-29 21:13:59,,"dtra_nk","4aa8bd37-47bb-4b82-851f-8c3141785455","uuid:30cbb34b-05d8-472f-9f45-f73acd06eb27"
2024-04-29 09:42:21.162,2024-05-15 05:22:54.549,2024-04-29,"collect:Ko3jwT6G31vuAcKR","2","DST030005","0.9458746 36.7491198 1791.934373961292 4.575",0.9458746,36.7491198,1791.93437396129,4.575,"POINT (36.7491198 0.9458746 1791.934373961292)","3",12,120,40,2.66666666666667,2,300,,,,,"430","2","1",,,"1",,,"2",,"3",,,,,,"1714384766477.jpg","1714384793485.jpg","2",0,,"DDT000064","DDT000000","DSR111118","1st EDTA not collected.DSR has been entered manually",334431585,"e01f64cbf4e04e0894772b92ce0fc0fa","vJhrvbmdMjoNmfga2zZ5sv","uuid:1985292c-897a-4337-9081-4fb8081b271f","aNAJLhAnWiUxVSFnvLyy9W","1985292c-897a-4337-9081-4fb8081b271f","submitted_via_web",2024-04-29 21:15:53,,"dtra_nk","58b6277e-b974-49c4-a43a-5d3968f04ad2","uuid:58b6277e-b974-49c4-a43a-5d3968f04ad2"
2024-04-29 14:05:55.8,2024-05-15 05:24:24.455,2024-04-29,"collect:Ko3jwT6G31vuAcKR","1","DST030006","0.9452139 36.7413912 1786.7099198097087 3.9",0.9452139,36.7413912,1786.70991980971,3.9,"POINT (36.7413912 0.9452139 1786.7099198097087)","3",148,1480,493.333333333333,32.8888888888889,32,4800,,,,,"452","2","3",,,"1",,,"2",,"3",,,,,,"1714460000165.jpg","1714460048266.jpg","2",0,,"DDT000067","DDT000055","DSR111121","None",334756160,"e01f64cbf4e04e0894772b92ce0fc0fa","vJhrvbmdMjoNmfga2zZ5sv","uuid:7d6fae39-e8e4-4ef3-b451-640e86d61360","aNAJLhAnWiUxVSFnvLyy9W","7d6fae39-e8e4-4ef3-b451-640e86d61360","submitted_via_web",2024-04-30 19:12:50,,"dtra_nk","4904e3a4-d647-448c-9316-76c70e5cd664","uuid:4904e3a4-d647-448c-9316-76c70e5cd664"
2024-04-30 08:21:14.495,2024-04-30 19:12:34.154,2024-04-30,"collect:Ko3jwT6G31vuAcKR","2","DST030005","0.9451284 36.748137 1785.1074409655964 4.361",0.9451284,36.748137,1785.1074409656,4.361,"POINT (36.748137 0.9451284 1785.1074409655964)","1",5,50,16.6666666666667,1.11111111111111,1,150,,,,,"4","2","1",,,"1",,,"2",,"4",125,10,10,65,"1714475688221.jpg","1714475709524.jpg","1714475748815.jpg","1",0,,"DDT000107","DDT000108","DSR000088","No comment",334756384,"e01f64cbf4e04e0894772b92ce0fc0fa","vJhrvbmdMjoNmfga2zZ5sv","uuid:2947ccda-e688-4469-bcb9-dd547bf2aa6c","aNAJLhAnWiUxVSFnvLyy9W","2947ccda-e688-4469-bcb9-dd547bf2aa6c","submitted_via_web",2024-04-30 19:13:34,,"dtra_nk",,
2024-04-30 08:21:49.454,2024-04-30 19:20:35.462,2024-04-30,"collect:Ko3jwT6G31vuAcKR","2","DST030005","0.9451269 36.7481223 1786.384546214716 4.915",0.9451269,36.7481223,1786.38454621472,4.915,"POINT (36.7481223 0.9451269 1786.384546214716)","1",13,130,43.3333333333333,2.88888888888889,2,300,,,,,"4","4","2","1","2","1",,,"2",,"4",160,10,10,80,"1714478041663.jpg","1714478058734.jpg","1714478073741.jpg","1",0,,"DDT000109","DDT000103","DSR000089","No comment",334758802,"e01f64cbf4e04e0894772b92ce0fc0fa","vJhrvbmdMjoNmfga2zZ5sv","uuid:72c15b62-7362-4cb2-8cec-c826b84ccd3d","aNAJLhAnWiUxVSFnvLyy9W","72c15b62-7362-4cb2-8cec-c826b84ccd3d","submitted_via_web",2024-04-30 19:24:25,,"dtra_nk",,
2024-04-30 09:58:44.623,2024-04-30 19:19:20.874,2024-04-30,"collect:Ko3jwT6G31vuAcKR","2","DST030005","1.0978251 36.6966269 1935.6120654145502 4.92",1.0978251,36.6966269,1935.61206541455,4.92,"POINT (36.6966269 1.0978251 1935.6120654145502)","1",12,120,40,2.66666666666667,2,300,,,,,"4","4","1",,,"1",,,"2",,"4",150,10,10,75,"1714473269847.jpg","1714473287014.jpg","1714473358844.jpg","1",0,,"DDT000104","DDT000106","DSR000087",,334758834,"e01f64cbf4e04e0894772b92ce0fc0fa","vJhrvbmdMjoNmfga2zZ5sv","uuid:5dd63a3c-e0c0-425d-b519-3cf84a2540fb","aNAJLhAnWiUxVSFnvLyy9W","5dd63a3c-e0c0-425d-b519-3cf84a2540fb","submitted_via_web",2024-04-30 19:24:40,,"dtra_nk",,
2024-05-01 05:54:49.736,2024-05-01 13:55:23.827,2024-05-01,"collect:Ko3jwT6G31vuAcKR","2","DST030006","0.9454913 36.7413999 1788.0013567728865 4.533",0.9454913,36.7413999,1788.00135677289,4.533,"POINT (36.7413999 0.9454913 1788.0013567728865)","1",16,160,53.3333333333333,3.55555555555556,3,450,,,,,"4","4","2","1","2","1",,,"2",,"4",155,10,10,80,"1714552469869.jpg","1714552483387.jpg","1714552495977.jpg","1",0,,"DDT000076","DDT000077","DSR000094","Tag number 191236",334951637,"e01f64cbf4e04e0894772b92ce0fc0fa","vJhrvbmdMjoNmfga2zZ5sv","uuid:aa6e3474-0aca-4d6f-a56f-2632e83caa7f","aNAJLhAnWiUxVSFnvLyy9W","aa6e3474-0aca-4d6f-a56f-2632e83caa7f","submitted_via_web",2024-05-01 13:56:34,,"dtra_nk",,
2024-05-01 05:54:17.413,2024-05-01 13:58:22.453,2024-05-01,"collect:Ko3jwT6G31vuAcKR","2","DST030006","0.9454939 36.7413931 1787.5060822243706 4.909",0.9454939,36.7413931,1787.50608222437,4.909,"POINT (36.7413931 0.9454939 1787.5060822243706)","1",14,140,46.6666666666667,3.11111111111111,3,450,,,,,"4","4","2","2","2","1",,,"2",,"4",160,10,10,80,"1714551000284.jpg","1714551010339.jpg","1714551046014.jpg","1",0,,"DDT000074","DDT000075","DSR000092","Tag number 191234",334952069,"e01f64cbf4e04e0894772b92ce0fc0fa","vJhrvbmdMjoNmfga2zZ5sv","uuid:e560d874-ae0b-41e7-85cb-6da9a6311380","aNAJLhAnWiUxVSFnvLyy9W","e560d874-ae0b-41e7-85cb-6da9a6311380","submitted_via_web",2024-05-01 13:58:53,,"dtra_nk",,
2024-05-01 05:53:12.142,2024-05-01 14:04:34.71,2024-05-01,"collect:Ko3jwT6G31vuAcKR","2","DST030006","0.9454731 36.7413896 1786.7815599603823 4.587",0.9454731,36.7413896,1786.78155996038,4.587,"POINT (36.7413896 0.9454731 1786.7815599603823)","1",10.5,105,35,2.33333333333333,2,300,,,,,"4","4","2","2","2","1",,,"2",,"4",164,10,10,84,"1714549322175.jpg","1714549339883.jpg","1714549359712.jpg","1",0,,"DDT000072","DDT000073","DSR000093","Tag number 191134",334953667,"e01f64cbf4e04e0894772b92ce0fc0fa","vJhrvbmdMjoNmfga2zZ5sv","uuid:fc443780-aab0-4465-b074-7d785ded1d81","aNAJLhAnWiUxVSFnvLyy9W","fc443780-aab0-4465-b074-7d785ded1d81","submitted_via_web",2024-05-01 14:04:50,,"dtra_nk",,
2024-05-01 05:21:24.419,2024-05-01 14:07:51.93,2024-05-01,"collect:Ko3jwT6G31vuAcKR","1","DST030006","0.9455323 36.7413936 1789.210661548392 3.9",0.9455323,36.7413936,1789.21066154839,3.9,"POINT (36.7413936 0.9455323 1789.210661548392)","3",12,120,40,2.66666666666667,2,300,,,,,"413","2","1",,,"1",,,"2",,"3",,,,,,"1714541361320.jpg","1714541461131.jpg","2",0,,"DDT000069","DDT000071","DSR000090","None",334954565,"e01f64cbf4e04e0894772b92ce0fc0fa","vJhrvbmdMjoNmfga2zZ5sv","uuid:4a7e7473-2fac-4b24-836a-701434f2e964","aNAJLhAnWiUxVSFnvLyy9W","4a7e7473-2fac-4b24-836a-701434f2e964","submitted_via_web",2024-05-01 14:08:05,,"dtra_nk",,
2024-04-26 07:41:56.815,2024-05-01 14:10:04.985,2024-04-26,"collect:Ko3jwT6G31vuAcKR","1","DST030006","0.9455159 36.7414359 1930.5999755859375 4.148",0.9455159,36.7414359,1930.59997558594,4.148,"POINT (36.7414359 0.9455159 1930.5999755859375)","3",36,360,120,8,8,1200,,,,,"500","2","2",,,"1",,,"2",,"3",,,,,,"1714540786578.jpg","1714540800855.jpg","2",0,,"DDT000068","DDT000070","DSR000091","None",334955259,"e01f64cbf4e04e0894772b92ce0fc0fa","vJhrvbmdMjoNmfga2zZ5sv","uuid:de696803-1a20-4bc3-a897-ef79a4703195","aNAJLhAnWiUxVSFnvLyy9W","de696803-1a20-4bc3-a897-ef79a4703195","submitted_via_web",2024-05-01 14:10:17,,"dtra_nk",,
2024-05-20 06:01:51.084,2024-05-20 17:32:03.595,2024-05-20,"collect:Ko3jwT6G31vuAcKR","2","DST030007","1.642148 37.3791923 642.3454873212478 4.103",1.642148,37.3791923,642.345487321248,4.103,"POINT (37.3791923 1.642148 642.3454873212478)","3",22,220,73.3333333333333,4.88888888888889,4,600,,,,,"1","2","3",,,"1",,,"2",,"3",,,,,,"1716187735029.jpg","1716187752387.jpg","2",0,,"DDT000083","DDT000084","DSR000095","No comment",340979690,"e01f64cbf4e04e0894772b92ce0fc0fa","v4iZcrYMZ9d2Kixq8FQkDL","uuid:b3b5842c-aaf9-4be2-bf38-46c193dbaec9","aNAJLhAnWiUxVSFnvLyy9W","b3b5842c-aaf9-4be2-bf38-46c193dbaec9","submitted_via_web",2024-05-20 17:33:00,,"dtra_nk",,
2024-05-20 06:53:14.32,2024-05-20 17:32:27.163,2024-05-20,"collect:Ko3jwT6G31vuAcKR","2","DST030007","1.6421416 37.3792162 641.842295389073 4.925",1.6421416,37.3792162,641.842295389073,4.925,"POINT (37.3792162 1.6421416 641.842295389073)","3",60,600,200,13.3333333333333,13,1950,,,,,"1","1","3",,,"1",,,"2",,"3",,,,,,"1716188747626.jpg","1716189012953.jpg","2",0,,"DDT000078","DDT000079","DSR000096","No comment",340979740,"e01f64cbf4e04e0894772b92ce0fc0fa","v4iZcrYMZ9d2Kixq8FQkDL","uuid:bdf393a5-8f3e-4b8e-a6cd-b639d40feefb","aNAJLhAnWiUxVSFnvLyy9W","bdf393a5-8f3e-4b8e-a6cd-b639d40feefb","submitted_via_web",2024-05-20 17:33:10,,"dtra_nk",,
2024-05-20 08:20:53.213,2024-05-20 17:32:46.985,2024-05-20,"collect:Ko3jwT6G31vuAcKR","2","DST030007","1.6421495 37.3792181 642.6583779865902 4.511",1.6421495,37.3792181,642.65837798659,4.511,"POINT (37.3792181 1.6421495 642.6583779865902)","3",36,360,120,8,8,1200,,,,,"1","2","3",,,"1",,,"2",,"3",,,,,,"1716194312641.jpg","1716194343710.jpg","2",0,,"DDT000242","DDT000246","DSR000102","No comment",340979797,"e01f64cbf4e04e0894772b92ce0fc0fa","v4iZcrYMZ9d2Kixq8FQkDL","uuid:d21b90d7-b4d8-4a9b-88f3-cea39a59eb8e","aNAJLhAnWiUxVSFnvLyy9W","d21b90d7-b4d8-4a9b-88f3-cea39a59eb8e","submitted_via_web",2024-05-20 17:33:19,,"dtra_nk",,
2024-05-20 07:14:56.539,2024-05-20 17:35:23.857,2024-05-20,"collect:Ko3jwT6G31vuAcKR","2","DST030008","1.6401705 37.3839386 632.1187675968673 4.954",1.6401705,37.3839386,632.118767596867,4.954,"POINT (37.3839386 1.6401705 632.1187675968673)","3",60,600,200,13.3333333333333,13,1950,,,,,"520","2","3",,,"1",,,"2",,"3",,,,,"1716190452153.jpg","1716190403504.jpg","1716190421400.jpg","2",0,,"DDT000081","DDT000082","DSR000097","No comment",340980391,"e01f64cbf4e04e0894772b92ce0fc0fa","v4iZcrYMZ9d2Kixq8FQkDL","uuid:28ebacde-ff63-4fcc-83dc-a69c02f0241c","aNAJLhAnWiUxVSFnvLyy9W","28ebacde-ff63-4fcc-83dc-a69c02f0241c","submitted_via_web",2024-05-20 17:35:42,,"dtra_nk",,
2024-05-20 07:38:34.824,2024-05-20 17:34:49.502,2024-05-20,"collect:Ko3jwT6G31vuAcKR","2","DST030008","1.6401597 37.3839429 632.2989897380835 4.432",1.6401597,37.3839429,632.298989738083,4.432,"POINT (37.3839429 1.6401597 632.2989897380835)","3",58,580,193.333333333333,12.8888888888889,12,1800,,,,,"520","2","3",,,"1",,,"2",,"3",,,,,,"1716192046909.jpg","1716192073128.jpg","2",0,,"DDT000080","DDT000110","DSR000098","No comment",340980460,"e01f64cbf4e04e0894772b92ce0fc0fa","v4iZcrYMZ9d2Kixq8FQkDL","uuid:655abb47-bf19-4c78-acb2-b27f4bab532a","aNAJLhAnWiUxVSFnvLyy9W","655abb47-bf19-4c78-acb2-b27f4bab532a","submitted_via_web",2024-05-20 17:35:54,,"dtra_nk",,
2024-05-20 08:05:29.127,2024-05-20 17:34:43.05,2024-05-20,"collect:Ko3jwT6G31vuAcKR","2","DST030008","1.6401667 37.3839152 632.3957497056109 4.355",1.6401667,37.3839152,632.395749705611,4.355,"POINT (37.3839152 1.6401667 632.3957497056109)","3",36,360,120,8,8,1200,,,,,"1","1","3",,,"1",,,"2",,"3",,,,,,"1716192860399.jpg","1716192885257.jpg","2",0,,"DDT000111","DDT000112","DSR000100","No comment",340980505,"e01f64cbf4e04e0894772b92ce0fc0fa","v4iZcrYMZ9d2Kixq8FQkDL","uuid:f7af10d5-17f0-4164-a5d9-ca4b3a727883","aNAJLhAnWiUxVSFnvLyy9W","f7af10d5-17f0-4164-a5d9-ca4b3a727883","submitted_via_web",2024-05-20 17:36:08,,"dtra_nk",,
2024-05-21 08:30:18.501,2024-05-21 13:00:16.073,2024-05-21,"collect:Ko3jwT6G31vuAcKR","2","DST030007","1.6420904 37.3788581 642.2806610739458 4.816",1.6420904,37.3788581,642.280661073946,4.816,"POINT (37.3788581 1.6420904 642.2806610739458)","1",25,250,83.3333333333333,5.55555555555556,5,750,,,,,"3","4","1",,,"1",,,"2",,"4",160,15,10,70,"1716285956637.jpg","1716285974603.jpg","1716285988601.jpg","1",0,,"DDT000717","DDT000000","DSR000590","Blood wasn't enough for EDTA 2",341384244,"e01f64cbf4e04e0894772b92ce0fc0fa","v4iZcrYMZ9d2Kixq8FQkDL","uuid:2321aa4c-041f-4b02-b3d6-25ba539d2c56","aNAJLhAnWiUxVSFnvLyy9W","2321aa4c-041f-4b02-b3d6-25ba539d2c56","submitted_via_web",2024-05-21 19:16:18,,"dtra_nk",,
2024-05-21 07:22:57.979,2024-05-21 12:53:21.714,2024-05-21,"collect:Ko3jwT6G31vuAcKR","2","DST030009","1.6467697 37.3846149 634.6876976009684 4.726",1.6467697,37.3846149,634.687697600968,4.726,"POINT (37.3846149 1.6467697 634.6876976009684)","3",60,600,200,13.3333333333333,13,1950,,,,,"1","1","3",,,"1",,,"2",,"3",,,,,,"1716276575514.jpg","1716276608782.jpg","2",0,,"DDT000701","DDT000711","DSR000107","No comment",341384273,"e01f64cbf4e04e0894772b92ce0fc0fa","v4iZcrYMZ9d2Kixq8FQkDL","uuid:e708c167-1569-4515-b3ee-39a7f0389d1f","aNAJLhAnWiUxVSFnvLyy9W","e708c167-1569-4515-b3ee-39a7f0389d1f","submitted_via_web",2024-05-21 19:16:26,,"dtra_nk",,
2024-05-21 07:13:01.249,2024-05-21 12:52:25.629,2024-05-21,"collect:Ko3jwT6G31vuAcKR","2","DST030009","1.646763 37.3846138 634.8356389649422 3.987",1.646763,37.3846138,634.835638964942,3.987,"POINT (37.3846138 1.646763 634.8356389649422)","3",50,500,166.666666666667,11.1111111111111,11,1650,,,,,"1","2","3",,,"1",,,"2",,"3",,,,,,"1716275866255.jpg","1716275883835.jpg","2",0,,"DDT000704","DDT000705","DSR000106","No comment",341384290,"e01f64cbf4e04e0894772b92ce0fc0fa","v4iZcrYMZ9d2Kixq8FQkDL","uuid:ab9a3f4d-3cfb-4570-aa14-5cda525930b8","aNAJLhAnWiUxVSFnvLyy9W","ab9a3f4d-3cfb-4570-aa14-5cda525930b8","submitted_via_web",2024-05-21 19:16:34,,"dtra_nk",,
2024-05-21 06:42:38.916,2024-05-21 12:51:51.194,2024-05-21,"collect:Ko3jwT6G31vuAcKR","2","DST030009","1.6467789 37.3846178 628.6903853807178 4.712",1.6467789,37.3846178,628.690385380718,4.712,"POINT (37.3846178 1.6467789 628.6903853807178)","3",37,370,123.333333333333,8.22222222222222,8,1200,,,,,"1","2","3",,,"1",,,"2",,"3",,,,,,"1716275165222.jpg","1716275200698.jpg","2",9,"DTK000094","DDT000702","DDT000712","DSR000104","No comment",341384337,"e01f64cbf4e04e0894772b92ce0fc0fa","v4iZcrYMZ9d2Kixq8FQkDL","uuid:6f51f4d8-4779-45b2-929c-1dfcc3a05557","aNAJLhAnWiUxVSFnvLyy9W","6f51f4d8-4779-45b2-929c-1dfcc3a05557","submitted_via_web",2024-05-21 19:16:45,,"dtra_nk",,
2024-05-21 06:33:43.496,2024-05-21 12:47:33.951,2024-05-21,"collect:Ko3jwT6G31vuAcKR","2","DST030010","1.6441998 37.3860366 629.8625464526925 4.531",1.6441998,37.3860366,629.862546452693,4.531,"POINT (37.3860366 1.6441998 629.8625464526925)","3",40,400,133.333333333333,8.88888888888889,8,1200,,,,,"1","1","3",,,"1",,,"2",,"3",,,,,,"1716273484773.jpg","1716273504098.jpg","2",0,,"DDT000703","DDT000710","DSR000108","No comment",341384380,"e01f64cbf4e04e0894772b92ce0fc0fa","v4iZcrYMZ9d2Kixq8FQkDL","uuid:f793b59c-0854-4855-99b0-c98e3d358bf5","aNAJLhAnWiUxVSFnvLyy9W","f793b59c-0854-4855-99b0-c98e3d358bf5","submitted_via_web",2024-05-21 19:16:58,,"dtra_nk",,
2024-05-21 06:22:58.392,2024-05-21 12:46:40.128,2024-05-21,"collect:Ko3jwT6G31vuAcKR","2","DST030010","1.644202 37.3860375 631.001495292321 4.577",1.644202,37.3860375,631.001495292321,4.577,"POINT (37.3860375 1.644202 631.001495292321)","3",48,480,160,10.6666666666667,10,1500,,,,,"520","2","3",,,"1",,,"2",,"3",,,,,,"1716273041762.jpg","1716273056041.jpg","2",0,,"DDT000706","DDT000715","DSR000109","No comment",341384409,"e01f64cbf4e04e0894772b92ce0fc0fa","v4iZcrYMZ9d2Kixq8FQkDL","uuid:5e561f46-9d50-4e4f-a354-7c16374af0ed","aNAJLhAnWiUxVSFnvLyy9W","5e561f46-9d50-4e4f-a354-7c16374af0ed","submitted_via_web",2024-05-21 19:17:08,,"dtra_nk",,
2024-05-21 05:50:15.971,2024-05-21 12:45:43.937,2024-05-21,"collect:Ko3jwT6G31vuAcKR","2","DST030010","1.6441868 37.386025 631.581610693826 4.623",1.6441868,37.386025,631.581610693826,4.623,"POINT (37.386025 1.6441868 631.581610693826)","3",54,540,180,12,12,1800,,,,,"520","2","3",,,"1",,,"2",,"3",,,,,,"1716272216727.jpg","1716272230807.jpg","2",0,,"DDT000708","DDT000709","DSR000103","No comment",341384466,"e01f64cbf4e04e0894772b92ce0fc0fa","v4iZcrYMZ9d2Kixq8FQkDL","uuid:9568eb00-168f-4e56-894f-0a6a67c0fef0","aNAJLhAnWiUxVSFnvLyy9W","9568eb00-168f-4e56-894f-0a6a67c0fef0","submitted_via_web",2024-05-21 19:17:20,,"dtra_nk",,
2024-05-22 05:56:50.205,2024-05-22 17:53:52.374,2024-05-22,"collect:Ko3jwT6G31vuAcKR","1","DST030012","1.6490763 37.3854285 640.3983096475878 4.932",1.6490763,37.3854285,640.398309647588,4.932,"POINT (37.3854285 1.6490763 640.3983096475878)","3",120,1200,400,26.6666666666667,26,3900,,,,,"452","2","3",,,"1",,,"2",,"3",,,,,,"1716358477508.jpg","1716358498064.jpg","2",0,,"DDT000716","DDT000718","DSR000596","None",341737176,"e01f64cbf4e04e0894772b92ce0fc0fa","v4iZcrYMZ9d2Kixq8FQkDL","uuid:8d9d0d5e-2747-44d0-b616-7d41e03a1dda","aNAJLhAnWiUxVSFnvLyy9W","8d9d0d5e-2747-44d0-b616-7d41e03a1dda","submitted_via_web",2024-05-22 18:04:45,,"dtra_nk",,
2024-05-22 05:33:20.852,2024-05-22 18:05:25.823,2024-05-22,"collect:Ko3jwT6G31vuAcKR","1","DST030012","1.6490863 37.3854288 640.7759133858449 4.03",1.6490863,37.3854288,640.775913385845,4.03,"POINT (37.3854288 1.6490863 640.7759133858449)","3",132,1320,440,29.3333333333333,29,4350,,,,,"368","2","3",,,"1",,,"2",,"3",,,,,,"1716357331745.jpg","1716357343931.jpg","2",0,,"DDT000731","DDT000730","DSR000591","None",341737578,"e01f64cbf4e04e0894772b92ce0fc0fa","v4iZcrYMZ9d2Kixq8FQkDL","uuid:dc63303b-0b9b-41ed-871b-cf16018bd2a7","aNAJLhAnWiUxVSFnvLyy9W","dc63303b-0b9b-41ed-871b-cf16018bd2a7","submitted_via_web",2024-05-22 18:05:39,,"dtra_nk",,
2024-05-22 06:16:40.581,2024-05-22 18:05:18.07,2024-05-22,"collect:Ko3jwT6G31vuAcKR","1","DST030012","1.649069 37.3854142 640.4401160680276 4.812",1.649069,37.3854142,640.440116068028,4.812,"POINT (37.3854142 1.649069 640.4401160680276)","3",46,460,153.333333333333,10.2222222222222,10,1500,,,,,"425","2","3",,,"1",,,"2",,"3",,,,,,"1716359112449.jpg","1716359154762.jpg","2",0,,"DDT000719","DDT000722","DSR000592","None",341737703,"e01f64cbf4e04e0894772b92ce0fc0fa","v4iZcrYMZ9d2Kixq8FQkDL","uuid:e54d44e6-3fde-4052-8f99-ff7867d267e2","aNAJLhAnWiUxVSFnvLyy9W","e54d44e6-3fde-4052-8f99-ff7867d267e2","submitted_via_web",2024-05-22 18:05:58,,"dtra_nk",,
2024-05-22 06:56:56.231,2024-05-22 18:05:10.506,2024-05-22,"collect:Ko3jwT6G31vuAcKR","1","DST030011","1.6510639 37.3831586 642.5132784955116 4.792",1.6510639,37.3831586,642.513278495512,4.792,"POINT (37.3831586 1.6510639 642.5132784955116)","3",72,720,240,16,16,2400,,,,,"574","2","3",,,"1",,,"2",,"3",,,,,,"1716361087105.jpg","1716361122437.jpg","2",6,"DTK000096","DDT000725","DDT000729","DSR000111","None",341737783,"e01f64cbf4e04e0894772b92ce0fc0fa","v4iZcrYMZ9d2Kixq8FQkDL","uuid:9b6aae20-2ca8-4359-996a-3ea699250cbf","aNAJLhAnWiUxVSFnvLyy9W","9b6aae20-2ca8-4359-996a-3ea699250cbf","submitted_via_web",2024-05-22 18:06:12,,"dtra_nk",,
2024-05-22 07:01:29.091,2024-05-22 18:05:05.431,2024-05-22,"collect:Ko3jwT6G31vuAcKR","1","DST030011","1.6511272 37.3831493 642.1216224433412 4.907",1.6511272,37.3831493,642.121622443341,4.907,"POINT (37.3831493 1.6511272 642.1216224433412)","3",52,520,173.333333333333,11.5555555555556,11,1650,,,,,"520","3","1",,,"1",,,"2",,"3",,,,,,"1716361941987.jpg","1716361957038.jpg","2",0,,"DDT000732","DDT000733","DSR000593","None",341737884,"e01f64cbf4e04e0894772b92ce0fc0fa","v4iZcrYMZ9d2Kixq8FQkDL","uuid:7bbef099-b474-4bde-9a56-0f743f1a14d4","aNAJLhAnWiUxVSFnvLyy9W","7bbef099-b474-4bde-9a56-0f743f1a14d4","submitted_via_web",2024-05-22 18:06:25,,"dtra_nk",,
2024-05-22 07:13:28.456,2024-05-22 18:05:00.3,2024-05-22,"collect:Ko3jwT6G31vuAcKR","1","DST030011","1.6510823 37.3831472 641.7641625854966 4.534",1.6510823,37.3831472,641.764162585497,4.534,"POINT (37.3831472 1.6510823 641.7641625854966)","3",39,390,130,8.66666666666667,8,1200,,,,,"520","1","1",,,"1",,,"2",,"3",,,,,,"1716362128175.jpg","1716362140764.jpg","2",0,,"DDT000723","DDT000724","DSR000595","None",341737944,"e01f64cbf4e04e0894772b92ce0fc0fa","v4iZcrYMZ9d2Kixq8FQkDL","uuid:3f6ab583-a52b-4b2f-b9ef-5febeecf8079","aNAJLhAnWiUxVSFnvLyy9W","3f6ab583-a52b-4b2f-b9ef-5febeecf8079","submitted_via_web",2024-05-22 18:06:35,,"dtra_nk",,
2024-05-23 03:19:06.434,2024-05-24 16:28:08.384,2024-05-23,"collect:Ko3jwT6G31vuAcKR","2","DST030010","1.6441463 37.3857087 631.3806288373106 4.943",1.6441463,37.3857087,631.380628837311,4.943,"POINT (37.3857087 1.6441463 631.3806288373106)","1",48,480,160,10.6666666666667,10,1500,,,,,"12","4","2","1","2","1",,,"2",,"4",215,15,23,105,,"1716439278660.jpg","1716439303915.jpg","1",0,,"DDT000734","DDT000736","DSR000110","EDTAs are in the ratio of 1:2 blood:RNA/DNA shield.",342430867,"e01f64cbf4e04e0894772b92ce0fc0fa","v4iZcrYMZ9d2Kixq8FQkDL","uuid:2ebb2f1d-8fae-45c0-84f4-931fc176da19","aNAJLhAnWiUxVSFnvLyy9W","2ebb2f1d-8fae-45c0-84f4-931fc176da19","submitted_via_web",2024-05-24 16:29:22,,"dtra_nk",,
2024-05-23 03:20:16.35,2024-05-23 08:28:43.967,2024-05-23,"collect:Ko3jwT6G31vuAcKR","2","DST030010","1.6441469 37.3857088 631.8018203801889 4.868",1.6441469,37.3857088,631.801820380189,4.868,"POINT (37.3857088 1.6441469 631.8018203801889)","1",13,130,43.3333333333333,2.88888888888889,2,300,,,,,"12","2","1",,,"2","Loss of hair, spotted skin","1716441208418.jpg","1","No sure, but it has loss of hair and spotted skin","1",130,10,17,65,,"1716441598304.jpg","1716441627674.jpg","1",0,,"DDT000737","DDT000738","DSR000597","No comment",342430885,"e01f64cbf4e04e0894772b92ce0fc0fa","v4iZcrYMZ9d2Kixq8FQkDL","uuid:e46ff721-0fe7-44b8-a97e-8633a864a181","aNAJLhAnWiUxVSFnvLyy9W","e46ff721-0fe7-44b8-a97e-8633a864a181","submitted_via_web",2024-05-24 16:29:28,,"dtra_nk",,
2024-05-23 03:49:55.088,2024-05-23 08:44:10.318,2024-05-23,"collect:Ko3jwT6G31vuAcKR","2","DST030011","1.6512841 37.3835455 644.1970284639542 4.307",1.6512841,37.3835455,644.197028463954,4.307,"POINT (37.3835455 1.6512841 644.1970284639542)","1",31,310,103.333333333333,6.88888888888889,6,900,,,,,"8","4","2","2","1","1",,,"2",,"4",204,19,18,99,"1716444414873.jpg","1716444459368.jpg","1716444487311.jpg","1",0,,"DDT000739","DDT000740","DSR000598","None",342430912,"e01f64cbf4e04e0894772b92ce0fc0fa","v4iZcrYMZ9d2Kixq8FQkDL","uuid:db07fba6-a790-411a-8cff-6a7717aa04d1","aNAJLhAnWiUxVSFnvLyy9W","db07fba6-a790-411a-8cff-6a7717aa04d1","submitted_via_web",2024-05-24 16:29:33,,"dtra_nk",,
2024-06-08 08:26:26.424,2024-06-08 17:54:36.367,2024-06-08,"collect:Ko3jwT6G31vuAcKR","2","DST030014","1.2897292 36.8975278 1285.6001066065626 3.9",1.2897292,36.8975278,1285.60010660656,3.9,"POINT (36.8975278 1.2897292 1285.6001066065626)","3",28,280,93.3333333333333,6.22222222222222,6,900,,,,,"194","2","3",,,"1",,,"2",,"3",,,,,,"1717835677359.jpg","1717835704185.jpg","2",0,,"DDT000758","DDT000759","DSR000604","No comment",347256535,"e01f64cbf4e04e0894772b92ce0fc0fa","v4iZcrYMZ9d2Kixq8FQkDL","uuid:601e3341-064a-4b59-ac7f-60fe1ecbf94d","aNAJLhAnWiUxVSFnvLyy9W","601e3341-064a-4b59-ac7f-60fe1ecbf94d","submitted_via_web",2024-06-08 17:55:52,,"dtra_nk",,
2024-06-08 08:19:06.482,2024-06-08 17:54:57.685,2024-06-08,"collect:Ko3jwT6G31vuAcKR","2","DST030014","1.2897114 36.8975522 1277.6744470816059 4.819",1.2897114,36.8975522,1277.67444708161,4.819,"POINT (36.8975522 1.2897114 1277.6744470816059)","3",53,530,176.666666666667,11.7777777777778,11,1650,,,,,"520","2","3",,,"1",,,"2",,"3",,,,,,"1717834996802.jpg","1717835027789.jpg","2",0,,"DDT000752","DDT000753","DSR000600","No comment",347256611,"e01f64cbf4e04e0894772b92ce0fc0fa","v4iZcrYMZ9d2Kixq8FQkDL","uuid:6a511e41-6149-433a-aa6a-5ea295e62d7f","aNAJLhAnWiUxVSFnvLyy9W","6a511e41-6149-433a-aa6a-5ea295e62d7f","submitted_via_web",2024-06-08 17:56:03,,"dtra_nk",,
2024-06-08 07:56:27.375,2024-06-08 17:55:16.084,2024-06-08,"collect:Ko3jwT6G31vuAcKR","1","DST030013","1.2949434 36.8954473 1250.4868214483454 4.865",1.2949434,36.8954473,1250.48682144835,4.865,"POINT (36.8954473 1.2949434 1250.4868214483454)","3",14,140,46.6666666666667,3.11111111111111,3,450,,,,,"156","1","3",,,"1",,,"2",,"3",,,,,,"1717833767730.jpg","1717833799851.jpg","2",0,,"DDT000762","DDT000764","DSR000603","No comment",347256690,"e01f64cbf4e04e0894772b92ce0fc0fa","v4iZcrYMZ9d2Kixq8FQkDL","uuid:64ff11a0-0e76-482a-9a13-6241a59cb7d8","aNAJLhAnWiUxVSFnvLyy9W","64ff11a0-0e76-482a-9a13-6241a59cb7d8","submitted_via_web",2024-06-08 17:56:13,,"dtra_nk",,
2024-06-08 07:23:35.368,2024-06-08 17:55:32.328,2024-06-08,"collect:Ko3jwT6G31vuAcKR","1","DST030013","1.2949344 36.8954622 1250.532181981394 4.968",1.2949344,36.8954622,1250.53218198139,4.968,"POINT (36.8954622 1.2949344 1250.532181981394)","3",12,120,40,2.66666666666667,2,300,,,,,"426","1","3",,,"1",,,"2",,"3",,,,,,"1717832420721.jpg","1717832447867.jpg","2",0,,"DDT000754","DDT000757","DSR000602","No comment",347256742,"e01f64cbf4e04e0894772b92ce0fc0fa","v4iZcrYMZ9d2Kixq8FQkDL","uuid:fd38d94c-0e1b-415d-bd49-66f6b0e48184","aNAJLhAnWiUxVSFnvLyy9W","fd38d94c-0e1b-415d-bd49-66f6b0e48184","submitted_via_web",2024-06-08 17:56:20,,"dtra_nk",,
2024-06-08 07:01:16.383,2024-06-08 17:37:48.047,2024-06-08,"collect:Ko3jwT6G31vuAcKR","1","DST030013","1.2949269 36.8954658 1250.3422923280043 4.181",1.2949269,36.8954658,1250.342292328,4.181,"POINT (36.8954658 1.2949269 1250.3422923280043)","3",40,400,133.333333333333,8.88888888888889,8,1200,,,,,"1","2","3",,,"1",,,"2",,"3",,,,,,"1717830995111.jpg","1717831080483.jpg","2",0,,"DDT000750","DDT000751","DSR000599","No comment",347256791,"e01f64cbf4e04e0894772b92ce0fc0fa","v4iZcrYMZ9d2Kixq8FQkDL","uuid:5695e4fc-12fd-4e78-8452-138eac9fc95d","aNAJLhAnWiUxVSFnvLyy9W","5695e4fc-12fd-4e78-8452-138eac9fc95d","submitted_via_web",2024-06-08 17:56:33,,"dtra_nk",,
2024-06-08 08:49:09.155,2024-06-08 17:28:48.411,2024-06-08,"collect:Ko3jwT6G31vuAcKR","2","DST030014","1.2896929 36.89755 1252.1399001697303 4.514",1.2896929,36.89755,1252.13990016973,4.514,"POINT (36.89755 1.2896929 1252.1399001697303)","3",35,350,116.666666666667,7.77777777777778,7,1050,,,,,"1","2","3",,,"1",,,"2",,"3",,,,,,"1717836863372.jpg","1717836894126.jpg","2",0,,"DDT000760","DDT000761","DSR000605","No comment",347256816,"e01f64cbf4e04e0894772b92ce0fc0fa","v4iZcrYMZ9d2Kixq8FQkDL","uuid:764140db-84a4-4602-b8ca-26d00c8f63b1","aNAJLhAnWiUxVSFnvLyy9W","764140db-84a4-4602-b8ca-26d00c8f63b1","submitted_via_web",2024-06-08 17:56:42,,"dtra_nk",,
2024-06-09 06:09:09.691,2024-06-09 17:11:18.605,2024-06-09,"collect:Ko3jwT6G31vuAcKR","2","DST030015","1.2958361 36.904435 1285.6851516686863 4.253",1.2958361,36.904435,1285.68515166869,4.253,"POINT (36.904435 1.2958361 1285.6851516686863)","3",98,980,326.666666666667,21.7777777777778,21,3150,,,,,"320","2","3",,,"1",,,"2",,"3",,,,,,"1717914570123.jpg","1717914586965.jpg","2",0,,"DDT000741","DDT000779","DSR000612","No comment",347461984,"e01f64cbf4e04e0894772b92ce0fc0fa","v4iZcrYMZ9d2Kixq8FQkDL","uuid:47b8bee4-4b54-4d9e-b35b-f637cc3ea665","aNAJLhAnWiUxVSFnvLyy9W","47b8bee4-4b54-4d9e-b35b-f637cc3ea665","submitted_via_web",2024-06-09 17:13:45,,"dtra_nk",,
2024-06-09 10:03:21.765,2024-06-09 18:07:25.637,2024-06-09,"collect:Ko3jwT6G31vuAcKR","2","DST030014","1.2891525 36.8974897 1250.7957905047306 4.593",1.2891525,36.8974897,1250.79579050473,4.593,"POINT (36.8974897 1.2891525 1250.7957905047306)","1",28.1,281,93.6666666666667,6.24444444444444,6,900,,,,,"1","4","2","2","2","1",,,"2",,"4",165,11,15,81,"1717937725966.jpg","1717937740502.jpg","1717937752505.jpg","1",0,,"DDT000773","DDT000774","DSR000617","Deer mouse(Peromyscus). It's not on the list.",347471994,"e01f64cbf4e04e0894772b92ce0fc0fa","v4iZcrYMZ9d2Kixq8FQkDL","uuid:122374f8-068d-4e31-96a2-e9407d83502b","aNAJLhAnWiUxVSFnvLyy9W","122374f8-068d-4e31-96a2-e9407d83502b","submitted_via_web",2024-06-09 18:08:08,,"dtra_nk",,
2024-06-09 09:48:57.865,2024-06-09 18:07:49.215,2024-06-09,"collect:Ko3jwT6G31vuAcKR","2","DST030013","1.2948688 36.8956132 1252.3547608805884 3.9",1.2948688,36.8956132,1252.35476088059,3.9,"POINT (36.8956132 1.2948688 1252.3547608805884)","1",18.1,181,60.3333333333333,4.02222222222222,4,600,,,,,"4","2","2","2","2","1",,,"2",,"4",164,10,14,84,"1717936169270.jpg","1717936188510.jpg","1717936198620.jpg","1",0,,"DDT000772","DDT000778","DSR000618","None",347472044,"e01f64cbf4e04e0894772b92ce0fc0fa","v4iZcrYMZ9d2Kixq8FQkDL","uuid:86b2eab5-3e60-4b99-a24a-03903ba7c83e","aNAJLhAnWiUxVSFnvLyy9W","86b2eab5-3e60-4b99-a24a-03903ba7c83e","submitted_via_web",2024-06-09 18:08:25,,"dtra_nk",,
2024-06-09 07:26:05.456,2024-06-09 18:09:22.69,2024-06-09,"collect:Ko3jwT6G31vuAcKR","1","DST030016","1.2958698 36.9044012 1287.55227304695 4.106",1.2958698,36.9044012,1287.55227304695,4.106,"POINT (36.9044012 1.2958698 1287.55227304695)","3",60,600,200,13.3333333333333,13,1950,,,,,"212","2","3",,,"1",,,"2",,"3",,,,,,"1717918740648.jpg","1717918761033.jpg","2",0,,"DDT000747","DDT000765","DSR000607","No comment",347472311,"e01f64cbf4e04e0894772b92ce0fc0fa","v4iZcrYMZ9d2Kixq8FQkDL","uuid:7108291a-8ca0-4c20-9947-b49281657133","aNAJLhAnWiUxVSFnvLyy9W","7108291a-8ca0-4c20-9947-b49281657133","submitted_via_web",2024-06-09 18:09:34,,"dtra_nk",,
2024-06-09 06:51:20.418,2024-06-09 18:09:07.455,2024-06-09,"collect:Ko3jwT6G31vuAcKR","2","DST030015","1.2958379 36.904421 1290.766195089326 3.9",1.2958379,36.904421,1290.76619508933,3.9,"POINT (36.904421 1.2958379 1290.766195089326)","3",37,370,123.333333333333,8.22222222222222,8,1200,,,,,"372","3","3",,,"1",,,"2",,"3",,,,,,"1717916889831.jpg","1717916820378.jpg","2",0,,"DDT000745","DDT000746","DSR000610","No comment",347472378,"e01f64cbf4e04e0894772b92ce0fc0fa","v4iZcrYMZ9d2Kixq8FQkDL","uuid:268d0f09-c6d6-4851-8e0a-8ab53310eb74","aNAJLhAnWiUxVSFnvLyy9W","268d0f09-c6d6-4851-8e0a-8ab53310eb74","submitted_via_web",2024-06-09 18:09:47,,"dtra_nk",,
2024-06-09 06:36:29.869,2024-06-09 18:08:50.192,2024-06-09,"collect:Ko3jwT6G31vuAcKR","2","DST030015","1.2958372 36.9044289 1289.9862105780187 4.832",1.2958372,36.9044289,1289.98621057802,4.832,"POINT (36.9044289 1.2958372 1289.9862105780187)","3",48,480,160,10.6666666666667,10,1500,,,,,"1","2","3",,,"1",,,"2",,"3",,,,,,"1717915599453.jpg","1717915650569.jpg","2",0,,"DDT000743","DDT000744","DSR000609","No comment",347472475,"e01f64cbf4e04e0894772b92ce0fc0fa","v4iZcrYMZ9d2Kixq8FQkDL","uuid:01b60726-4085-48bf-b4ca-fead6fad9837","aNAJLhAnWiUxVSFnvLyy9W","01b60726-4085-48bf-b4ca-fead6fad9837","submitted_via_web",2024-06-09 18:10:14,,"dtra_nk",,
2024-06-09 07:52:27.386,2024-06-09 18:10:33.945,2024-06-09,"collect:Ko3jwT6G31vuAcKR","1","DST030016","1.2958836 36.904383 1284.0984762790238 4.895",1.2958836,36.904383,1284.09847627902,4.895,"POINT (36.904383 1.2958836 1284.0984762790238)","3",10,100,33.3333333333333,2.22222222222222,2,300,,,,,"101","2","3",,,"1",,,"2",,"3",,,,,,"1717919811115.jpg","1717919831178.jpg","2",0,,"DDT000768","DDT000769","DSR000611","None",347472642,"e01f64cbf4e04e0894772b92ce0fc0fa","v4iZcrYMZ9d2Kixq8FQkDL","uuid:39625c61-93b6-4df6-b3e4-a871bf3a4ffb","aNAJLhAnWiUxVSFnvLyy9W","39625c61-93b6-4df6-b3e4-a871bf3a4ffb","submitted_via_web",2024-06-09 18:11:06,,"dtra_nk",,
2024-06-09 07:57:28.394,2024-06-09 18:10:51.384,2024-06-09,"collect:Ko3jwT6G31vuAcKR","1","DST030016","1.2958713 36.9044418 1289.250168359719 4.959",1.2958713,36.9044418,1289.25016835972,4.959,"POINT (36.9044418 1.2958713 1289.250168359719)","3",13,130,43.3333333333333,2.88888888888889,2,300,,,,,"413","1","3",,,"1",,,"2",,"3",,,,,,"1717920645421.jpg","1717920768941.jpg","2",0,,"DDT000766","DDT000767","DSR000606","None",347472671,"e01f64cbf4e04e0894772b92ce0fc0fa","v4iZcrYMZ9d2Kixq8FQkDL","uuid:149fd835-5653-46b2-aed2-99f7f139f473","aNAJLhAnWiUxVSFnvLyy9W","149fd835-5653-46b2-aed2-99f7f139f473","submitted_via_web",2024-06-09 18:11:17,,"dtra_nk",,
2024-06-09 09:48:16.373,2024-06-09 18:12:25.764,2024-06-09,"collect:Ko3jwT6G31vuAcKR","2","DST030013","1.2948589 36.8956315 1251.2440322896896 4.997",1.2948589,36.8956315,1251.24403228969,4.997,"POINT (36.8956315 1.2948589 1251.2440322896896)","1",9,90,30,2,2,300,,,,,"4","4","1",,,"1",,,"2",,"4",148,10,13,77,"1717933672569.jpg","1717933685851.jpg","1717933701308.jpg","1",0,,"DDT000771","DDT000780","DSR000616","None",347472938,"e01f64cbf4e04e0894772b92ce0fc0fa","v4iZcrYMZ9d2Kixq8FQkDL","uuid:40df2024-75b0-43ba-aa4e-0ac4d26f1acf","aNAJLhAnWiUxVSFnvLyy9W","40df2024-75b0-43ba-aa4e-0ac4d26f1acf","submitted_via_web",2024-06-09 18:12:44,,"dtra_nk",,
2024-06-10 05:09:30.25,2024-06-10 18:09:59.89,2024-06-10,"collect:Ko3jwT6G31vuAcKR","2","DST030017","1.2984176 36.8898209 1224.4954533686525 4.947",1.2984176,36.8898209,1224.49545336865,4.947,"POINT (36.8898209 1.2984176 1224.4954533686525)","3",31,310,103.333333333333,6.88888888888889,6,900,,,,,"1","2","3",,,"1",,,"2",,"3",,,,,,"1717999549867.jpg","1717999600266.jpg","2",0,,"DDT001601","DDT001602","DSR000620","Common Drongo",347818576,"e01f64cbf4e04e0894772b92ce0fc0fa","v4iZcrYMZ9d2Kixq8FQkDL","uuid:2ca7e6a2-d656-48e4-bea0-407dbbf5a31b","aNAJLhAnWiUxVSFnvLyy9W","2ca7e6a2-d656-48e4-bea0-407dbbf5a31b","submitted_via_web",2024-06-10 18:13:04,,"dtra_nk",,
2024-06-10 05:10:05.036,2024-06-10 18:10:50.955,2024-06-10,"collect:Ko3jwT6G31vuAcKR","2","DST030017","1.2984439 36.889839 1224.7651676277865 4.668",1.2984439,36.889839,1224.76516762779,4.668,"POINT (36.889839 1.2984439 1224.7651676277865)","3",54,540,180,12,12,1800,,,,,"458","2","3",,,"1",,,"2",,"3",,,,,,"1718000514850.jpg","1718000560961.jpg","2",0,,"DDT001599","DDT001600","DSR000623",,347819107,"e01f64cbf4e04e0894772b92ce0fc0fa","v4iZcrYMZ9d2Kixq8FQkDL","uuid:a2a18eea-aa9e-43af-9586-6956e6de8460","aNAJLhAnWiUxVSFnvLyy9W","a2a18eea-aa9e-43af-9586-6956e6de8460","submitted_via_web",2024-06-10 18:15:17,,"dtra_nk",,
2024-06-10 05:10:38.317,2024-06-10 18:12:27.456,2024-06-10,"collect:Ko3jwT6G31vuAcKR","2","DST030017","1.2984067 36.8897993 1225.017922857161 4.366",1.2984067,36.8897993,1225.01792285716,4.366,"POINT (36.8897993 1.2984067 1225.017922857161)","3",41,410,136.666666666667,9.11111111111111,9,1350,,,,,"568","2","3",,,"1",,,"2",,"3",,,,,,"1718001819085.jpg","1718001917030.jpg","2",0,,"DDT001598","DDT001597","DSR000624","No comment",347819134,"e01f64cbf4e04e0894772b92ce0fc0fa","v4iZcrYMZ9d2Kixq8FQkDL","uuid:4fbdfd39-fc75-49d2-91d1-03fcbae3641c","aNAJLhAnWiUxVSFnvLyy9W","4fbdfd39-fc75-49d2-91d1-03fcbae3641c","submitted_via_web",2024-06-10 18:15:25,,"dtra_nk",,
2024-04-28 16:34:57.706,2024-06-10 18:28:35.11,2024-04-28,"collect:Ko3jwT6G31vuAcKR","2","DST030017","1.2986369 36.8902597 1223.4068183076686 3.9",1.2986369,36.8902597,1223.40681830767,3.9,"POINT (36.8902597 1.2986369 1223.4068183076686)","1",25,250,83.3333333333333,5.55555555555556,5,750,,,,,"2","4","1",,,"1",,,"2",,"4",160,13,14,80,,"1718022826622.jpg","1718022846445.jpg","1",0,,"DDT001580","DDT001611","DSR000631","No comment",347822884,"e01f64cbf4e04e0894772b92ce0fc0fa","vJhrvbmdMjoNmfga2zZ5sv","uuid:684e362a-ff38-44e7-9c18-b4e9acbf16e3","aNAJLhAnWiUxVSFnvLyy9W","684e362a-ff38-44e7-9c18-b4e9acbf16e3","submitted_via_web",2024-06-10 18:28:52,,"dtra_nk",,
2024-06-10 09:05:50.818,2024-06-10 18:29:16.321,2024-06-10,"collect:Ko3jwT6G31vuAcKR","2","DST030016","1.2919194 36.9056675 1287.2470138854267 4.48",1.2919194,36.9056675,1287.24701388543,4.48,"POINT (36.9056675 1.2919194 1287.2470138854267)","1",25,250,83.3333333333333,5.55555555555556,5,750,,,,,"4","4","2","2","1","1",,,"2",,"4",155,12,16,80,"1718020592392.jpg","1718020614109.jpg",,"1",0,,"DDT001613","DDT001621","DSR000630","No comment",347823557,"e01f64cbf4e04e0894772b92ce0fc0fa","v4iZcrYMZ9d2Kixq8FQkDL","uuid:8f044587-ad22-4312-a393-e0a50046cac9","aNAJLhAnWiUxVSFnvLyy9W","8f044587-ad22-4312-a393-e0a50046cac9","submitted_via_web",2024-06-10 18:30:50,,"dtra_nk",,
2024-06-08 05:57:41.419,2024-06-10 13:00:12.471,2024-06-08,"collect:Ko3jwT6G31vuAcKR","2","DST030017","1.2986443 36.8902185 1223.0201228152025 4.027",1.2986443,36.8902185,1223.0201228152,4.027,"POINT (36.8902185 1.2986443 1223.0201228152025)","1",21,210,70,4.66666666666667,4,600,,,,,"1","3","1",,,"1",,,"2",,"4",165,13,14,85,,"1718024343775.jpg","1718024356259.jpg","1",0,,"DDT001612","DDT001623","DSR000632","No comment",347824078,"e01f64cbf4e04e0894772b92ce0fc0fa","v4iZcrYMZ9d2Kixq8FQkDL","uuid:1ccbeddb-1d87-4645-9944-69d67cbefb66","aNAJLhAnWiUxVSFnvLyy9W","1ccbeddb-1d87-4645-9944-69d67cbefb66","submitted_via_web",2024-06-10 18:33:04,,"dtra_nk",,
2024-06-10 08:28:18.342,2024-06-10 14:23:08.26,2024-06-10,"collect:Ko3jwT6G31vuAcKR","2","DST030018","1.2881605 36.902871 1265.4513244553364 4.136",1.2881605,36.902871,1265.45132445534,4.136,"POINT (36.902871 1.2881605 1265.4513244553364)","1",38,380,126.666666666667,8.44444444444444,8,1200,,,,,"12","4","1",,,"2","Lumps on the right ear. Injury on the left ear.","1718029268544.jpg","1","No sure","3",195,17,13,95,,"1718029329298.jpg","1718029360925.jpg","1",0,,"DDT001579","DDT001608","DSR000637","No comment",347824141,"e01f64cbf4e04e0894772b92ce0fc0fa","v4iZcrYMZ9d2Kixq8FQkDL","uuid:a960ac57-6ebb-496f-8322-65cfdf3ee836","aNAJLhAnWiUxVSFnvLyy9W","a960ac57-6ebb-496f-8322-65cfdf3ee836","submitted_via_web",2024-06-10 18:33:21,,"dtra_nk",,
2024-06-10 08:26:39.783,2024-06-10 14:00:05.738,2024-06-10,"collect:Ko3jwT6G31vuAcKR","2","DST030018","1.2881662 36.9028664 1266.7932838070076 3.25",1.2881662,36.9028664,1266.79328380701,3.25,"POINT (36.9028664 1.2881662 1266.7932838070076)","1",31,310,103.333333333333,6.88888888888889,6,900,,,,,"1","4","1",,,"1",,,"2",,"4",175,15,14,80,,"1718027896664.jpg","1718027923451.jpg","1",0,,"DDT001606","DDT001616","DSR000635","No comment",347824197,"e01f64cbf4e04e0894772b92ce0fc0fa","v4iZcrYMZ9d2Kixq8FQkDL","uuid:5cd27bc2-2f56-4013-bdea-a3005ae6dffb","aNAJLhAnWiUxVSFnvLyy9W","5cd27bc2-2f56-4013-bdea-a3005ae6dffb","submitted_via_web",2024-06-10 18:33:34,,"dtra_nk",,
2024-06-10 08:27:16.363,2024-06-10 13:35:19.375,2024-06-10,"collect:Ko3jwT6G31vuAcKR","2","DST030018","1.2881865 36.9028639 1267.2982113806897 3.9",1.2881865,36.9028639,1267.29821138069,3.9,"POINT (36.9028639 1.2881865 1267.2982113806897)","1",20,200,66.6666666666667,4.44444444444444,4,600,,,,,"4","4","1",,,"1",,,"2",,"4",150,11,14,76,,"1718026464896.jpg","1718026483432.jpg","1",0,,"DDT001607","DDT001618","DSR000634","No comment",347824235,"e01f64cbf4e04e0894772b92ce0fc0fa","v4iZcrYMZ9d2Kixq8FQkDL","uuid:91a4ef40-2c5c-46ca-8a76-699b61a81e48","aNAJLhAnWiUxVSFnvLyy9W","91a4ef40-2c5c-46ca-8a76-699b61a81e48","submitted_via_web",2024-06-10 18:33:43,,"dtra_nk",,
2024-06-10 08:27:47.903,2024-06-10 13:15:56.265,2024-06-10,"collect:Ko3jwT6G31vuAcKR","2","DST030018","1.2881815 36.9028652 1266.3150729974132 4.891",1.2881815,36.9028652,1266.31507299741,4.891,"POINT (36.9028652 1.2881815 1266.3150729974132)","1",35,350,116.666666666667,7.77777777777778,7,1050,,,,,"4","4","2","1","1","1",,,"2",,"4",170,15,15,80,,"1718025322017.jpg","1718025332127.jpg","1",0,,"DDT001578","DDT001619","DSR000633","No comment",347824262,"e01f64cbf4e04e0894772b92ce0fc0fa","v4iZcrYMZ9d2Kixq8FQkDL","uuid:8b92bd68-2bbf-4c36-92c6-eeaa92f29a84","aNAJLhAnWiUxVSFnvLyy9W","8b92bd68-2bbf-4c36-92c6-eeaa92f29a84","submitted_via_web",2024-06-10 18:33:51,,"dtra_nk",,
2024-06-10 09:04:54.244,2024-06-10 12:12:25.641,2024-06-10,"collect:Ko3jwT6G31vuAcKR","2","DST030016","1.2919103 36.9056801 1286.5768361974713 4.379",1.2919103,36.9056801,1286.57683619747,4.379,"POINT (36.9056801 1.2919103 1286.5768361974713)","1",30,300,100,6.66666666666667,6,900,,,,,"1","4","2","1","1","1",,,"2",,"4",160,14,15,80,,"1718021499729.jpg","1718021515903.jpg","1",0,,"DDT001610","DDT001620","DSR000638","No comment",347824289,"e01f64cbf4e04e0894772b92ce0fc0fa","v4iZcrYMZ9d2Kixq8FQkDL","uuid:a11b5470-27ab-4936-b28d-19575dcdf939","aNAJLhAnWiUxVSFnvLyy9W","a11b5470-27ab-4936-b28d-19575dcdf939","submitted_via_web",2024-06-10 18:33:59,,"dtra_nk",,
2024-06-10 09:03:43.463,2024-06-10 11:43:05.412,2024-06-10,"collect:Ko3jwT6G31vuAcKR","2","DST030016","1.2919118 36.9056599 1286.6021578963998 4.118",1.2919118,36.9056599,1286.6021578964,4.118,"POINT (36.9056599 1.2919118 1286.6021578963998)","1",26,260,86.6666666666667,5.77777777777778,5,750,,,,,"1","4","2","2","2","1",,,"2",,"4",171,14,15,85,,"1718019741472.jpg","1718019759845.jpg","1",0,,"DDT001609","DDT001622","DSR000628","None",347824343,"e01f64cbf4e04e0894772b92ce0fc0fa","v4iZcrYMZ9d2Kixq8FQkDL","uuid:347c51ea-e239-4bc7-a262-e19e05360e31","aNAJLhAnWiUxVSFnvLyy9W","347c51ea-e239-4bc7-a262-e19e05360e31","submitted_via_web",2024-06-10 18:34:11,,"dtra_nk",,
2024-06-10 08:45:17.346,2024-06-10 11:29:28.688,2024-06-10,"collect:Ko3jwT6G31vuAcKR","2","DST030015","1.2961083 36.904592 1288.881787700816 4.754",1.2961083,36.904592,1288.88178770082,4.754,"POINT (36.904592 1.2961083 1288.881787700816)","1",20,200,66.6666666666667,4.44444444444444,4,600,,,,,"4","3","1",,,"1",,,"2",,"4",145,10,15,75,,"1718018830073.jpg","1718018859592.jpg","1",0,,"DDT001576","DDT001577","DSR000627","None",347824408,"e01f64cbf4e04e0894772b92ce0fc0fa","v4iZcrYMZ9d2Kixq8FQkDL","uuid:a4e05cfa-ffb3-4f98-a6d6-b591bcad0b46","aNAJLhAnWiUxVSFnvLyy9W","a4e05cfa-ffb3-4f98-a6d6-b591bcad0b46","submitted_via_web",2024-06-10 18:34:25,,"dtra_nk",,
2024-06-10 07:20:17.395,2024-06-10 07:43:52.4,2024-06-10,"collect:Ko3jwT6G31vuAcKR","1","DST030018","1.2877235 36.9026778 1267.0945844418547 4.621",1.2877235,36.9026778,1267.09458444185,4.621,"POINT (36.9026778 1.2877235 1267.0945844418547)","3",31,310,103.333333333333,6.88888888888889,6,900,,,,,"1","2","3",,,"1",,,"2",,"3",,,,,,"1718005399091.jpg","1718005421562.jpg","2",0,,"DDT001596","DDT001603","DSR000625","No comment",347824458,"e01f64cbf4e04e0894772b92ce0fc0fa","v4iZcrYMZ9d2Kixq8FQkDL","uuid:6644ffc1-209b-4d50-9875-bd36e97b6337","aNAJLhAnWiUxVSFnvLyy9W","6644ffc1-209b-4d50-9875-bd36e97b6337","submitted_via_web",2024-06-10 18:34:36,,"dtra_nk",,
2024-06-10 08:44:35.032,2024-06-12 17:25:13.119,2024-06-10,"collect:Ko3jwT6G31vuAcKR","2","DST030019","1.3477309 37.1955946 1163.8447979274433 4.575",1.3477309,37.1955946,1163.84479792744,4.575,"POINT (37.1955946 1.3477309 1163.8447979274433)","3",24,240,80,5.33333333333333,5,750,,,,,"1","2","3",,,"1",,,"2",,"3",,,,,,"1718172493474.jpg","1718172519498.jpg","2",0,,"DDT001624","DDT001628","DSR000642","None",348605924,"e01f64cbf4e04e0894772b92ce0fc0fa","v4iZcrYMZ9d2Kixq8FQkDL","uuid:de40bedc-0c1f-49bf-95f9-2e7fdfbade34","aNAJLhAnWiUxVSFnvLyy9W","de40bedc-0c1f-49bf-95f9-2e7fdfbade34","submitted_via_web",2024-06-12 17:32:04,,"dtra_nk",,
2024-06-12 03:59:05.067,2024-06-12 17:06:13.018,2024-06-12,"collect:Ko3jwT6G31vuAcKR","2","DST030019","1.3476723 37.1951571 1163.1543481260053 4.961",1.3476723,37.1951571,1163.15434812601,4.961,"POINT (37.1951571 1.3476723 1163.1543481260053)","1",43,430,143.333333333333,9.55555555555556,9,1350,,,,,"12","4","2","1","2","1",,,"2",,"4",185,12,12,87,"1718186784020.jpg","1718186796691.jpg","1718186824414.jpg","1",0,,"DDT001625","DDT001626","DSR000449","None",348606000,"e01f64cbf4e04e0894772b92ce0fc0fa","v4iZcrYMZ9d2Kixq8FQkDL","uuid:c9c4b574-b7b1-4b11-9942-d90711eddb4e","aNAJLhAnWiUxVSFnvLyy9W","c9c4b574-b7b1-4b11-9942-d90711eddb4e","submitted_via_web",2024-06-12 17:32:18,,"dtra_nk",,
2024-06-12 03:59:47.419,2024-06-12 17:05:48.495,2024-06-12,"collect:Ko3jwT6G31vuAcKR","2","DST030019","1.3476594 37.1951301 1163.2200402353635 4.855",1.3476594,37.1951301,1163.22004023536,4.855,"POINT (37.1951301 1.3476594 1163.2200402353635)","1",31,310,103.333333333333,6.88888888888889,6,900,,,,,"12","2","1",,,"1",,,"2",,"4",182,13,15,83,"1718188356113.jpg","1718188374113.jpg","1718188389603.jpg","1",0,,"DDT001627","DDT001629","DSR000451","None",348606145,"e01f64cbf4e04e0894772b92ce0fc0fa","v4iZcrYMZ9d2Kixq8FQkDL","uuid:e10cc662-704b-48a2-996b-544fa5ca524c","aNAJLhAnWiUxVSFnvLyy9W","e10cc662-704b-48a2-996b-544fa5ca524c","submitted_via_web",2024-06-12 17:32:35,,"dtra_nk",,
2024-06-12 04:00:08.852,2024-06-12 17:05:09,2024-06-12,"collect:Ko3jwT6G31vuAcKR","2","DST030019","1.3476694 37.1951345 1162.9355252330793 4.794",1.3476694,37.1951345,1162.93552523308,4.794,"POINT (37.1951345 1.3476694 1162.9355252330793)","1",33,330,110,7.33333333333333,7,1050,,,,,"12","2","2","2","2","1",,,"2",,"4",169,12,14,81,"1718189780636.jpg","1718189798777.jpg","1718189810953.jpg","1",0,,"DDT001630","DDT001631","DSR000450","None",348606336,"e01f64cbf4e04e0894772b92ce0fc0fa","v4iZcrYMZ9d2Kixq8FQkDL","uuid:ebd5f930-a40d-42f0-99a1-57f98876bdbc","aNAJLhAnWiUxVSFnvLyy9W","ebd5f930-a40d-42f0-99a1-57f98876bdbc","submitted_via_web",2024-06-12 17:32:55,,"dtra_nk",,
2024-06-12 07:29:43.89,2024-06-12 17:03:59.105,2024-06-12,"collect:Ko3jwT6G31vuAcKR","1","DST030020","1.3194169 37.2008025 1262.7041078151137 4.809",1.3194169,37.2008025,1262.70410781511,4.809,"POINT (37.2008025 1.3194169 1262.7041078151137)","3",51,510,170,11.3333333333333,11,1650,,,,,"568","2","3",,,"1",,,"2",,"3",,,,,,"1718178511826.jpg","1718178532898.jpg","2",0,,"DDT001589","DDT001590","DSR000452","None",348606441,"e01f64cbf4e04e0894772b92ce0fc0fa","v4iZcrYMZ9d2Kixq8FQkDL","uuid:7474c09d-0080-4d92-9452-b24f43980ca6","aNAJLhAnWiUxVSFnvLyy9W","7474c09d-0080-4d92-9452-b24f43980ca6","submitted_via_web",2024-06-12 17:33:08,,"dtra_nk",,
2024-06-12 07:51:32.7,2024-06-12 17:02:57.498,2024-06-12,"collect:Ko3jwT6G31vuAcKR","1","DST030020","1.3194508 37.2007786 1267.3956728083056 4.824",1.3194508,37.2007786,1267.39567280831,4.824,"POINT (37.2007786 1.3194508 1267.3956728083056)","3",60,600,200,13.3333333333333,13,1950,,,,,"520","2","3",,,"1",,,"2",,"3",,,,,,"1718178892363.jpg","1718178929764.jpg","2",0,,"DDT001584","DDT001583","DSR000453","None",348606526,"e01f64cbf4e04e0894772b92ce0fc0fa","v4iZcrYMZ9d2Kixq8FQkDL","uuid:c0aaaf5a-cd97-4263-9063-12f598e8a8e6","aNAJLhAnWiUxVSFnvLyy9W","c0aaaf5a-cd97-4263-9063-12f598e8a8e6","submitted_via_web",2024-06-12 17:33:21,,"dtra_nk",,
2024-06-12 08:12:24.968,2024-06-12 17:01:30.281,2024-06-12,"collect:Ko3jwT6G31vuAcKR","1","DST030020","1.3194513 37.2007811 1266.326622102647 4.916",1.3194513,37.2007811,1266.32662210265,4.916,"POINT (37.2007811 1.3194513 1266.326622102647)","3",41,410,136.666666666667,9.11111111111111,9,1350,,,,,"568","2","3",,,"1",,,"2",,"3",,,,,,"1718180245708.jpg","1718180287100.jpg","2",0,,"DDT001582","DDT001585","DSR000641","None",348606707,"e01f64cbf4e04e0894772b92ce0fc0fa","v4iZcrYMZ9d2Kixq8FQkDL","uuid:f93b7938-2212-44e0-a3a2-8de8ccbfb38c","aNAJLhAnWiUxVSFnvLyy9W","f93b7938-2212-44e0-a3a2-8de8ccbfb38c","submitted_via_web",2024-06-12 17:33:42,,"dtra_nk",,
2024-06-10 09:06:31.459,2024-06-12 16:59:26.95,2024-06-10,"collect:Ko3jwT6G31vuAcKR","2","DST030019","1.3477037 37.1956023 1164.624321016516 4.48",1.3477037,37.1956023,1164.62432101652,4.48,"POINT (37.1956023 1.3477037 1164.624321016516)","3",20,200,66.6666666666667,4.44444444444444,4,600,,,,,"1","2","3",,,"1",,,"2",,"3",,,,,,"1718176951967.jpg","1718177007188.jpg","2",0,,"DDT001591","DDT001592","DSR000456","None",348606822,"e01f64cbf4e04e0894772b92ce0fc0fa","v4iZcrYMZ9d2Kixq8FQkDL","uuid:ab235098-4440-4488-9dcb-8f8d5caadacf","aNAJLhAnWiUxVSFnvLyy9W","ab235098-4440-4488-9dcb-8f8d5caadacf","submitted_via_web",2024-06-12 17:33:56,,"dtra_nk",,
2024-06-10 08:26:02.546,2024-06-12 16:55:32.407,2024-06-10,"collect:Ko3jwT6G31vuAcKR","2","DST030019","1.3477217 37.1955878 1160.3279230079188 4.715",1.3477217,37.1955878,1160.32792300792,4.715,"POINT (37.1955878 1.3477217 1160.3279230079188)","3",31,310,103.333333333333,6.88888888888889,6,900,,,,,"194","2","3",,,"1",,,"2",,"3",,,,,,"1718173780944.jpg","1718173800239.jpg","2",0,,"DDT001593","DDT001594","DSR000454","None",348606962,"e01f64cbf4e04e0894772b92ce0fc0fa","v4iZcrYMZ9d2Kixq8FQkDL","uuid:8972f826-ca53-467f-8fb7-2b88ac32735d","aNAJLhAnWiUxVSFnvLyy9W","8972f826-ca53-467f-8fb7-2b88ac32735d","submitted_via_web",2024-06-12 17:34:12,,"dtra_nk",,
2024-06-13 03:54:42.469,2024-06-13 18:25:31.615,2024-06-13,"collect:Ko3jwT6G31vuAcKR","2","DST030021","1.3479284 37.1969298 1148.1129804759985 4.75",1.3479284,37.1969298,1148.112980476,4.75,"POINT (37.1969298 1.3479284 1148.1129804759985)","3",30,300,100,6.66666666666667,6,900,,,,,"194","1","3",,,"1",,,"2",,"3",,,,,,"1718268421598.jpg","1718268462436.jpg","2",0,,"DDT001575","DDT001587","DSR000460","No comment",349036531,"e01f64cbf4e04e0894772b92ce0fc0fa","v4iZcrYMZ9d2Kixq8FQkDL","uuid:90f30b86-e308-4d87-9961-dff552fc1eeb","aNAJLhAnWiUxVSFnvLyy9W","90f30b86-e308-4d87-9961-dff552fc1eeb","submitted_via_web",2024-06-13 18:26:02,,"dtra_nk",,
2024-06-13 03:53:43.839,2024-06-13 18:25:06.389,2024-06-13,"collect:Ko3jwT6G31vuAcKR","2","DST030021","1.347938 37.1969524 1147.944953801176 4.484",1.347938,37.1969524,1147.94495380118,4.484,"POINT (37.1969524 1.347938 1147.944953801176)","3",55,550,183.333333333333,12.2222222222222,12,1800,,,,,"520","2","3",,,"1",,,"2",,"3",,,,,,"1718267008159.jpg","1718267024677.jpg","2",0,,"DDT001518","DDT001519","DSR000640",,349036553,"e01f64cbf4e04e0894772b92ce0fc0fa","v4iZcrYMZ9d2Kixq8FQkDL","uuid:60b9b408-c66a-49e1-9b2d-140b213a19eb","aNAJLhAnWiUxVSFnvLyy9W","60b9b408-c66a-49e1-9b2d-140b213a19eb","submitted_via_web",2024-06-13 18:26:08,,"dtra_nk",,
2024-06-14 06:44:11.104,2024-06-14 18:16:15.362,2024-06-14,"collect:Ko3jwT6G31vuAcKR","2","DST030024","1.3218093 37.1975978 1277.3553021831503 4.563",1.3218093,37.1975978,1277.35530218315,4.563,"POINT (37.1975978 1.3218093 1277.3553021831503)","3",16,160,53.3333333333333,3.55555555555556,3,450,,,,,"115","2","3",,,"1",,,"2",,"3",,,,,,"1718362745393.jpg","1718362790587.jpg","2",0,,"DDT001636","DDT001643","DSR000468","None",349399806,"e01f64cbf4e04e0894772b92ce0fc0fa","v4iZcrYMZ9d2Kixq8FQkDL","uuid:db33d2f3-2a8d-41df-93a1-04b5c2b4927b","aNAJLhAnWiUxVSFnvLyy9W","db33d2f3-2a8d-41df-93a1-04b5c2b4927b","submitted_via_web",2024-06-14 18:16:33,,"dtra_nk",,
2024-06-13 06:34:39.386,2024-06-14 18:13:25.77,2024-06-13,"collect:Ko3jwT6G31vuAcKR","2","DST030022","1.3315955 37.1999972 1184.8734104618793 4.82",1.3315955,37.1999972,1184.87341046188,4.82,"POINT (37.1999972 1.3315955 1184.8734104618793)","1",29,290,96.6666666666667,6.44444444444444,6,900,,,,,"1","4","2","2","2","1",,,"2",,"3",170,15,15,85,,"1718275231910.jpg","1718275247735.jpg","1",15,"DTK000057","DDT001523","DDT001524","DSR000463","Peromyscus(deer mouse)",349399820,"e01f64cbf4e04e0894772b92ce0fc0fa","v4iZcrYMZ9d2Kixq8FQkDL","uuid:4c614fac-ec3a-462b-921d-f9229c0b0da2","aNAJLhAnWiUxVSFnvLyy9W","4c614fac-ec3a-462b-921d-f9229c0b0da2","submitted_via_web",2024-06-14 18:16:41,,"dtra_nk",,
2024-06-14 04:09:31.006,2024-06-14 18:09:23.843,2024-06-14,"collect:Ko3jwT6G31vuAcKR","2","DST030023","1.3333915 37.2004981 1189.8013220321027 4.958",1.3333915,37.2004981,1189.8013220321,4.958,"POINT (37.2004981 1.3333915 1189.8013220321027)","3",17,170,56.6666666666667,3.77777777777778,3,450,,,,,"1","2","3",,,"1",,,"2",,"3",,,,,,"1718361598511.jpg","1718361611029.jpg","2",0,,"DDT001634","DDT001635","DSR000466","None",349399843,"e01f64cbf4e04e0894772b92ce0fc0fa","v4iZcrYMZ9d2Kixq8FQkDL","uuid:18b3e504-e889-415c-afed-44c9f38a901c","aNAJLhAnWiUxVSFnvLyy9W","18b3e504-e889-415c-afed-44c9f38a901c","submitted_via_web",2024-06-14 18:16:51,,"dtra_nk",,
2024-06-14 04:08:56.905,2024-06-14 18:09:01.367,2024-06-14,"collect:Ko3jwT6G31vuAcKR","2","DST030023","1.3333916 37.2004991 1189.990191504131 4.97",1.3333916,37.2004991,1189.99019150413,4.97,"POINT (37.2004991 1.3333916 1189.990191504131)","3",22,220,73.3333333333333,4.88888888888889,4,600,,,,,"1","2","3",,,"1",,,"2",,"3",,,,,,"1718358658537.jpg","1718358692913.jpg","2",0,,"DDT001633","DDT001534","DSR000465","None",349399866,"e01f64cbf4e04e0894772b92ce0fc0fa","v4iZcrYMZ9d2Kixq8FQkDL","uuid:b5605dc1-1757-4350-b264-1766e6b5ee5a","aNAJLhAnWiUxVSFnvLyy9W","b5605dc1-1757-4350-b264-1766e6b5ee5a","submitted_via_web",2024-06-14 18:17:00,,"dtra_nk",,
2024-06-14 04:08:24.664,2024-06-14 18:05:46.014,2024-06-14,"collect:Ko3jwT6G31vuAcKR","2","DST030023","1.3333932 37.2004687 1192.0733191944216 3.9",1.3333932,37.2004687,1192.07331919442,3.9,"POINT (37.2004687 1.3333932 1192.0733191944216)","3",54,540,180,12,12,1800,,,,,"212","2","3",,,"1",,,"2",,"3",,,,,,"1718357456553.jpg","1718357475849.jpg","2",0,,"DDT001535","DDT001536","DSR000475","None",349399898,"e01f64cbf4e04e0894772b92ce0fc0fa","v4iZcrYMZ9d2Kixq8FQkDL","uuid:b429f0a9-2062-4401-b820-aae2c659359b","aNAJLhAnWiUxVSFnvLyy9W","b429f0a9-2062-4401-b820-aae2c659359b","submitted_via_web",2024-06-14 18:17:09,,"dtra_nk",,
2024-06-13 06:33:58.736,2024-06-13 18:29:56.034,2024-06-13,"collect:Ko3jwT6G31vuAcKR","2","DST030022","1.331539 37.1999811 1186.0989189260317 3.829",1.331539,37.1999811,1186.09891892603,3.829,"POINT (37.1999811 1.331539 1186.0989189260317)","1",33,330,110,7.33333333333333,7,1050,,,,,"12","4","2","2","1","1",,,"2",,"4",192,17,15,97,,"1718273645425.jpg","1718273662198.jpg","1",0,,"DDT001526","DDT001527","DSR000464","No comment",349399956,"e01f64cbf4e04e0894772b92ce0fc0fa","v4iZcrYMZ9d2Kixq8FQkDL","uuid:9ed02b7e-75df-4add-bb49-d6f003699bf6","aNAJLhAnWiUxVSFnvLyy9W","9ed02b7e-75df-4add-bb49-d6f003699bf6","submitted_via_web",2024-06-14 18:17:24,,"dtra_nk",,
2024-06-13 06:21:56.605,2024-06-13 18:28:54.753,2024-06-13,"collect:Ko3jwT6G31vuAcKR","2","DST030022","1.3312277 37.2004505 1202.1593556449818 3.489",1.3312277,37.2004505,1202.15935564498,3.489,"POINT (37.2004505 1.3312277 1202.1593556449818)","3",22,220,73.3333333333333,4.88888888888889,4,600,,,,,"1","2","3",,,"1",,,"2",,"3",,,,,,"1718271059415.jpg","1718271292865.jpg","2",0,,"DDT001516","DDT001517","DSR000461","No comment",349400025,"e01f64cbf4e04e0894772b92ce0fc0fa","v4iZcrYMZ9d2Kixq8FQkDL","uuid:76f719dc-e824-48b0-97a5-21a13b11a00e","aNAJLhAnWiUxVSFnvLyy9W","76f719dc-e824-48b0-97a5-21a13b11a00e","submitted_via_web",2024-06-14 18:17:40,,"dtra_nk",,
2024-06-13 06:21:18.889,2024-06-13 18:28:38.886,2024-06-13,"collect:Ko3jwT6G31vuAcKR","2","DST030022","1.331243 37.2004573 1203.2879473554733 4.728",1.331243,37.2004573,1203.28794735547,4.728,"POINT (37.2004573 1.331243 1203.2879473554733)","3",38,380,126.666666666667,8.44444444444444,8,1200,,,,,"568","2","3",,,"1",,,"2",,"3",,,,,,"1718270082012.jpg","1718270109908.jpg","2",0,,"DDT001514","DDT001515","DSR000459","No comment",349400080,"e01f64cbf4e04e0894772b92ce0fc0fa","v4iZcrYMZ9d2Kixq8FQkDL","uuid:0aad3a3a-4311-420c-bd75-e7c55237335a","aNAJLhAnWiUxVSFnvLyy9W","0aad3a3a-4311-420c-bd75-e7c55237335a","submitted_via_web",2024-06-14 18:17:51,,"dtra_nk",,
2024-06-13 05:28:27.243,2024-06-13 18:28:19.308,2024-06-13,"collect:Ko3jwT6G31vuAcKR","2","DST030022","1.3318372 37.2007773 1204.9366680212918 4.026",1.3318372,37.2007773,1204.93666802129,4.026,"POINT (37.2007773 1.3318372 1204.9366680212918)","3",41,410,136.666666666667,9.11111111111111,9,1350,,,,,"568","2","3",,,"1",,,"2",,"3",,,,,,"1718269181237.jpg","1718269205732.jpg","2",0,,"DDT001521","DDT001522","DSR000458","No comment",349400118,"e01f64cbf4e04e0894772b92ce0fc0fa","v4iZcrYMZ9d2Kixq8FQkDL","uuid:226903f2-b926-4ba8-9f6b-c7e5896eccda","aNAJLhAnWiUxVSFnvLyy9W","226903f2-b926-4ba8-9f6b-c7e5896eccda","submitted_via_web",2024-06-14 18:18:01,,"dtra_nk",,
2024-06-13 03:54:12.949,2024-06-13 18:27:58.851,2024-06-13,"collect:Ko3jwT6G31vuAcKR","2","DST030021","1.3479304 37.1969388 1148.0125283845503 4.825",1.3479304,37.1969388,1148.01252838455,4.825,"POINT (37.1969388 1.3479304 1148.0125283845503)","3",34,340,113.333333333333,7.55555555555556,7,1050,,,,,"194","2","3",,,"1",,,"2",,"3",,,,,,"1718267735343.jpg","1718267807091.jpg","2",0,,"DDT001520","DDT001586","DSR000457","No comment",349400165,"e01f64cbf4e04e0894772b92ce0fc0fa","v4iZcrYMZ9d2Kixq8FQkDL","uuid:d48504df-ca25-4b09-95cb-f9b889f2b3dd","aNAJLhAnWiUxVSFnvLyy9W","d48504df-ca25-4b09-95cb-f9b889f2b3dd","submitted_via_web",2024-06-14 18:18:13,,"dtra_nk",,
2024-06-14 07:06:26.665,2024-06-14 18:28:45.497,2024-06-14,"collect:Ko3jwT6G31vuAcKR","2","DST030024","1.3211301 37.1974071 1287.570007697153 4.108",1.3211301,37.1974071,1287.57000769715,4.108,"POINT (37.1974071 1.3211301 1287.570007697153)","1",43,430,143.333333333333,9.55555555555556,9,1350,,,,,"1","4","2","2","1","1",,,"2",,"4",112,15,13,10,"1718372138375.jpg","1718372146702.jpg","1718372155348.jpg","1",0,,"DDT001641","DDT001642","DSR000472","No tail. Tail length noted but it's actually zero. Peromyscus (deer mouse)",349404896,"e01f64cbf4e04e0894772b92ce0fc0fa","v4iZcrYMZ9d2Kixq8FQkDL","uuid:331002b1-d89b-4f55-bc5a-25e80e397573","aNAJLhAnWiUxVSFnvLyy9W","331002b1-d89b-4f55-bc5a-25e80e397573","submitted_via_web",2024-06-14 18:36:25,,"dtra_nk",,
2024-06-14 07:06:03.384,2024-06-14 18:27:27.213,2024-06-14,"collect:Ko3jwT6G31vuAcKR","2","DST030024","1.3211498 37.1974249 1288.6070018870792 3.9",1.3211498,37.1974249,1288.60700188708,3.9,"POINT (37.1974249 1.3211498 1288.6070018870792)","1",36,360,120,8,8,1200,,,,,"1","4","1",,,"1",,,"2",,"4",180,14,16,79,"1718370626216.jpg","1718370636603.jpg","1718370648591.jpg","1",0,,"DDT001529","DDT001530","DSR000474","None",349404947,"e01f64cbf4e04e0894772b92ce0fc0fa","v4iZcrYMZ9d2Kixq8FQkDL","uuid:224df77d-d252-4028-b124-5e325e824ef6","aNAJLhAnWiUxVSFnvLyy9W","224df77d-d252-4028-b124-5e325e824ef6","submitted_via_web",2024-06-14 18:36:34,,"dtra_nk",,
2024-06-14 07:05:33.158,2024-06-14 18:26:52.676,2024-06-14,"collect:Ko3jwT6G31vuAcKR","2","DST030024","1.3211236 37.1974248 1288.6884817498299 4.254",1.3211236,37.1974248,1288.68848174983,4.254,"POINT (37.1974248 1.3211236 1288.6884817498299)","1",39,390,130,8.66666666666667,8,1200,,,,,"1","4","1",,,"1",,,"2",,"4",195,13,16,88,"1718368669154.jpg","1718368681223.jpg","1718368693003.jpg","1",0,,"DDT001531","DDT001632","DSR000473","None",349405029,"e01f64cbf4e04e0894772b92ce0fc0fa","v4iZcrYMZ9d2Kixq8FQkDL","uuid:f8137902-0376-4e87-b5d0-a574f21d03dc","aNAJLhAnWiUxVSFnvLyy9W","f8137902-0376-4e87-b5d0-a574f21d03dc","submitted_via_web",2024-06-14 18:36:50,,"dtra_nk",,
2024-06-14 07:05:02.942,2024-06-14 18:25:54.472,2024-06-14,"collect:Ko3jwT6G31vuAcKR","2","DST030024","1.321127 37.1974022 1288.022166899476 4.673",1.321127,37.1974022,1288.02216689948,4.673,"POINT (37.1974022 1.321127 1288.022166899476)","1",30,300,100,6.66666666666667,6,900,,,,,"1","4","1",,,"1",,,"2",,"4",89,14,13,100,,"1718367696732.jpg","1718367706463.jpg","1",0,,"DDT001528","DDT001537","DSR000471","The mouse had no tail, so tail section is 0 though written 100mm. Peromyscus(deer mouse)",349405099,"e01f64cbf4e04e0894772b92ce0fc0fa","v4iZcrYMZ9d2Kixq8FQkDL","uuid:b3878870-fa2f-4804-836c-814cdcef184e","aNAJLhAnWiUxVSFnvLyy9W","b3878870-fa2f-4804-836c-814cdcef184e","submitted_via_web",2024-06-14 18:37:04,,"dtra_nk",,
2024-06-14 06:45:22.107,2024-06-14 18:23:51.681,2024-06-14,"collect:Ko3jwT6G31vuAcKR","2","DST030024","1.3218015 37.1976221 1281.3192913968826 4.363",1.3218015,37.1976221,1281.31929139688,4.363,"POINT (37.1976221 1.3218015 1281.3192913968826)","3",54,540,180,12,12,1800,,,,,"574","2","3",,,"1",,,"2",,"3",,,,,,"1718364031541.jpg","1718364095163.jpg","2",0,,"DDT001639","DDT001640","DSR000470","None",349405170,"e01f64cbf4e04e0894772b92ce0fc0fa","v4iZcrYMZ9d2Kixq8FQkDL","uuid:ec61a160-9d3d-432a-b9fd-9146ad73fc52","aNAJLhAnWiUxVSFnvLyy9W","ec61a160-9d3d-432a-b9fd-9146ad73fc52","submitted_via_web",2024-06-14 18:37:19,,"dtra_nk",,
2024-06-14 06:44:49.607,2024-06-14 18:18:58.57,2024-06-14,"collect:Ko3jwT6G31vuAcKR","2","DST030024","1.3218119 37.1976181 1281.46298294404 3.723",1.3218119,37.1976181,1281.46298294404,3.723,"POINT (37.1976181 1.3218119 1281.46298294404)","3",39,390,130,8.66666666666667,8,1200,,,,,"115","2","3",,,"1",,,"2",,"3",,,,,,"1718363113833.jpg","1718363129223.jpg","2",0,,"DDT001533","DDT001638","DSR000467","None",349405236,"e01f64cbf4e04e0894772b92ce0fc0fa","v4iZcrYMZ9d2Kixq8FQkDL","uuid:c2284610-57b8-4f7f-b9e2-5e9485e6ca01","aNAJLhAnWiUxVSFnvLyy9W","c2284610-57b8-4f7f-b9e2-5e9485e6ca01","submitted_via_web",2024-06-14 18:37:35,,"dtra_nk",,
2024-06-24 14:36:47.203,2024-06-24 15:30:22.097,2024-06-24,"collect:Ko3jwT6G31vuAcKR","2","DST030015",,,,,,,"1",22,220,73.3333333333333,4.88888888888889,4,600,,,,,"4","4","2","1","1","3","No claws on the left foot",,"2",,"3",145,10,15,75,"1719240664100.png",,"1719240671280.png","1",0,,"DDT001614","DDT001615","DSR000626","Data has been entered manually after field trip.",352192874,"e01f64cbf4e04e0894772b92ce0fc0fa","v4iZcrYMZ9d2Kixq8FQkDL","uuid:f5ee00a8-be79-4132-b048-34449f9c7cf3","aNAJLhAnWiUxVSFnvLyy9W","f5ee00a8-be79-4132-b048-34449f9c7cf3","submitted_via_web",2024-06-24 15:30:37,,"dtra_nk",,
2024-06-24 14:57:05.139,2024-06-24 15:29:24.419,2024-06-24,"collect:Ko3jwT6G31vuAcKR","2","DST030018",,,,,,,"3",35,350,116.666666666667,7.77777777777778,7,1050,,,,,"101","2","3",,,"1",,,"2",,"3",,,,,"1719241354592.jpg","1719241365592.jpg",,"2",0,,"DDT000783","DDT000782","DSR000621","The data has been entered manually",352192957,"e01f64cbf4e04e0894772b92ce0fc0fa","v4iZcrYMZ9d2Kixq8FQkDL","uuid:e23fc98b-465f-4fe5-8168-47873871ffd8","aNAJLhAnWiUxVSFnvLyy9W","e23fc98b-465f-4fe5-8168-47873871ffd8","submitted_via_web",2024-06-24 15:30:43,,"dtra_nk",,
2024-06-24 15:05:41.493,2024-06-24 15:28:52.07,2024-06-24,"collect:Ko3jwT6G31vuAcKR","2","DST030018",,,,,,,"3",28,280,93.3333333333333,6.22222222222222,6,900,,,,,"458","2","3",,,"1",,,"2",,"2",,,,,"1719241816897.jpg","1719241829150.jpg",,"2",0,,"DDT001604","DDT001605","DSR000619","The data has been entered manually",352193025,"e01f64cbf4e04e0894772b92ce0fc0fa","v4iZcrYMZ9d2Kixq8FQkDL","uuid:805457ec-fde6-4601-82ba-ffa00eb08460","aNAJLhAnWiUxVSFnvLyy9W","805457ec-fde6-4601-82ba-ffa00eb08460","submitted_via_web",2024-06-24 15:30:47,,"dtra_nk",,
